player_id,signup_date,country,device,deposit_channel,segment,vip_eligible,age_group
1,2023-02-27,LT,mobile,ewallet,Champions,True,36-45
2,2024-05-10,PL,mobile,crypto,Champions,True,36-45
3,2024-04-04,UA,mobile,bank_transfer,Champions,True,26-35
4,2024-05-18,LV,desktop,bank_transfer,Champions,True,36-45
5,2023-12-16,SK,mobile,bank_transfer,Champions,True,18-25
6,2023-10-11,CZ,desktop,bank_transfer,Champions,True,36-45
7,2024-03-24,CZ,tablet,ewallet,Champions,True,36-45
8,2023-08-15,DE,mobile,bank_transfer,Champions,True,18-25
9,2023-12-16,LV,desktop,ewallet,Champions,True,46+
10,2023-04-09,PL,mobile,card,Champions,True,26-35
11,2024-05-24,LT,mobile,bank_transfer,Champions,True,26-35
12,2023-05-02,LV,desktop,card,Champions,True,36-45
13,2024-02-08,IE,mobile,ewallet,Champions,True,36-45
14,2024-03-24,HR,mobile,card,Champions,True,36-45
15,2024-02-12,PL,mobile,card,Champions,True,36-45
16,2023-03-31,EE,desktop,ewallet,Champions,True,36-45
17,2023-12-22,BG,desktop,card,Champions,True,18-25
18,2023-10-21,UA,desktop,bank_transfer,Champions,True,26-35
19,2023-02-20,UA,desktop,bank_transfer,Champions,True,26-35
20,2024-05-04,PL,mobile,card,Champions,True,26-35
21,2024-09-20,CZ,mobile,ewallet,Champions,True,26-35
22,2023-05-18,CZ,mobile,card,Champions,True,26-35
23,2023-10-05,HR,desktop,ewallet,Champions,True,36-45
24,2024-02-28,EE,mobile,ewallet,Champions,True,18-25
25,2023-08-02,UA,mobile,ewallet,Champions,True,26-35
26,2023-01-15,HR,mobile,bank_transfer,Champions,True,18-25
27,2023-11-15,CZ,mobile,card,Champions,True,26-35
28,2024-03-21,LV,desktop,card,Champions,True,18-25
29,2023-08-08,LT,tablet,crypto,Champions,True,36-45
30,2023-03-17,LV,mobile,crypto,Champions,True,36-45
31,2023-06-17,HR,mobile,card,Champions,True,18-25
32,2024-04-03,BG,desktop,bank_transfer,Champions,True,18-25
33,2024-04-06,CZ,desktop,card,Champions,True,46+
34,2023-07-15,HU,desktop,ewallet,Champions,True,26-35
35,2023-07-17,EE,desktop,bank_transfer,Champions,True,18-25
36,2024-02-06,SK,mobile,card,Champions,True,26-35
37,2023-05-01,MT,mobile,card,Champions,True,26-35
38,2023-07-31,CY,mobile,crypto,Champions,True,26-35
39,2023-10-14,UA,desktop,card,Champions,True,46+
40,2023-08-10,MT,mobile,ewallet,Champions,True,18-25
41,2023-06-26,MT,mobile,crypto,Champions,True,26-35
42,2023-11-08,DE,mobile,card,Champions,True,26-35
43,2023-12-15,LV,mobile,card,Champions,True,36-45
44,2023-11-30,BG,desktop,card,Champions,True,26-35
45,2023-07-22,RO,desktop,card,Champions,True,36-45
46,2023-03-11,SK,desktop,ewallet,Champions,True,18-25
47,2024-01-29,DE,mobile,card,Champions,True,26-35
48,2024-08-09,CZ,mobile,ewallet,Champions,True,36-45
49,2024-09-08,MT,tablet,card,Champions,True,26-35
50,2023-07-22,RO,mobile,crypto,Champions,True,18-25
51,2023-12-08,PL,mobile,crypto,Champions,True,46+
52,2023-01-29,PL,desktop,ewallet,Champions,True,46+
53,2023-03-16,BG,mobile,ewallet,Champions,True,36-45
54,2023-11-29,PL,mobile,card,Champions,True,36-45
55,2023-09-01,RO,tablet,card,Champions,True,18-25
56,2023-06-17,CY,desktop,card,Champions,True,18-25
57,2023-08-24,RO,desktop,card,Champions,True,26-35
58,2024-01-19,EE,desktop,crypto,Champions,True,26-35
59,2023-10-05,SK,mobile,card,Champions,True,18-25
60,2023-04-03,MT,desktop,card,Champions,True,26-35
61,2024-08-16,UA,desktop,card,Champions,True,36-45
62,2024-03-20,LV,desktop,ewallet,Champions,True,18-25
63,2023-10-05,HU,desktop,card,Champions,True,26-35
64,2023-03-21,HR,mobile,bank_transfer,Champions,True,46+
65,2023-11-30,PL,desktop,card,Champions,True,26-35
66,2023-07-03,IE,desktop,card,Champions,True,18-25
67,2024-04-24,BG,tablet,bank_transfer,Champions,True,46+
68,2023-09-26,PL,desktop,bank_transfer,Champions,True,36-45
69,2024-06-26,HR,mobile,ewallet,Champions,True,36-45
70,2023-01-12,SK,mobile,bank_transfer,Champions,True,36-45
71,2024-08-20,CY,desktop,card,Champions,True,26-35
72,2024-07-09,LT,mobile,bank_transfer,Champions,True,46+
73,2023-06-25,EE,mobile,card,Champions,True,36-45
74,2023-10-18,IE,desktop,card,Champions,True,18-25
75,2023-11-01,CY,mobile,ewallet,Champions,True,26-35
76,2024-01-16,RO,mobile,crypto,Champions,True,18-25
77,2023-04-10,EE,mobile,card,Champions,True,18-25
78,2023-07-02,CZ,mobile,card,Champions,True,18-25
79,2023-10-02,LV,desktop,card,Champions,True,26-35
80,2024-01-14,PL,mobile,ewallet,Champions,True,46+
81,2023-12-10,UA,mobile,card,Champions,True,26-35
82,2023-01-28,LT,desktop,card,Champions,True,18-25
83,2023-01-05,CZ,mobile,card,Champions,True,36-45
84,2023-08-28,MT,mobile,crypto,Champions,True,18-25
85,2024-06-19,SK,desktop,crypto,Champions,True,36-45
86,2024-06-23,PL,desktop,bank_transfer,Champions,True,36-45
87,2024-04-17,CY,mobile,bank_transfer,Champions,True,46+
88,2023-03-28,CZ,mobile,card,Champions,True,36-45
89,2023-06-09,CY,mobile,bank_transfer,Champions,True,26-35
90,2023-06-20,PL,mobile,card,Champions,True,26-35
91,2024-04-16,BG,mobile,bank_transfer,Champions,True,26-35
92,2023-07-29,SK,tablet,crypto,Champions,True,26-35
93,2024-05-07,HU,mobile,ewallet,Champions,True,36-45
94,2023-07-30,LT,desktop,bank_transfer,Champions,True,36-45
95,2023-02-16,CY,desktop,card,Champions,True,36-45
96,2023-07-04,RO,desktop,card,Champions,True,36-45
97,2024-02-12,DE,desktop,card,Champions,True,46+
98,2023-03-02,RO,mobile,crypto,Champions,True,36-45
99,2023-09-18,RO,desktop,ewallet,Champions,True,46+
100,2024-01-15,CZ,mobile,bank_transfer,Champions,True,18-25
101,2023-11-30,LT,mobile,bank_transfer,Champions,True,26-35
102,2024-01-30,SK,mobile,bank_transfer,Champions,True,36-45
103,2024-08-11,LV,mobile,bank_transfer,Champions,True,46+
104,2024-05-26,IE,mobile,card,Champions,True,18-25
105,2023-11-09,LT,mobile,ewallet,Champions,True,36-45
106,2024-02-26,LT,mobile,ewallet,Champions,True,36-45
107,2024-02-11,PL,mobile,card,Champions,True,18-25
108,2023-06-23,EE,mobile,crypto,Champions,True,26-35
109,2024-04-16,LT,desktop,bank_transfer,Champions,True,46+
110,2023-09-03,DE,desktop,bank_transfer,Champions,True,26-35
111,2024-02-22,HR,desktop,crypto,Champions,True,18-25
112,2024-09-23,LV,desktop,bank_transfer,Champions,True,18-25
113,2023-11-03,CZ,desktop,card,Champions,True,26-35
114,2024-01-12,DE,desktop,card,Champions,True,26-35
115,2023-07-21,HU,mobile,crypto,Champions,True,36-45
116,2023-10-11,BG,mobile,crypto,Champions,True,46+
117,2024-03-14,SK,desktop,card,Champions,True,46+
118,2023-07-01,IE,desktop,bank_transfer,Champions,True,18-25
119,2024-03-11,LT,mobile,card,Champions,True,18-25
120,2024-07-28,LV,desktop,card,Champions,True,46+
121,2023-07-04,HR,mobile,card,Champions,True,18-25
122,2024-02-25,CZ,desktop,ewallet,Champions,True,26-35
123,2023-07-04,LT,mobile,ewallet,Champions,True,46+
124,2024-06-27,RO,desktop,bank_transfer,Champions,True,36-45
125,2023-10-13,CY,mobile,card,Champions,True,26-35
126,2023-01-26,MT,desktop,bank_transfer,Champions,True,46+
127,2023-10-15,MT,desktop,card,Champions,True,26-35
128,2023-04-10,UA,desktop,crypto,Champions,True,36-45
129,2023-11-22,CZ,desktop,card,Champions,True,46+
130,2023-02-04,CY,desktop,card,Champions,True,18-25
131,2024-05-07,UA,tablet,bank_transfer,Champions,True,36-45
132,2023-04-28,MT,desktop,bank_transfer,Champions,True,18-25
133,2023-06-08,RO,mobile,bank_transfer,Champions,True,36-45
134,2024-08-28,BG,desktop,crypto,Champions,True,18-25
135,2023-10-23,SK,mobile,bank_transfer,Champions,True,18-25
136,2023-11-22,PL,mobile,card,Champions,True,26-35
137,2024-01-29,CZ,desktop,bank_transfer,Champions,True,26-35
138,2023-10-01,IE,mobile,card,Champions,True,26-35
139,2024-01-21,EE,mobile,card,Champions,True,26-35
140,2023-07-22,IE,mobile,bank_transfer,Champions,True,26-35
141,2024-01-13,LV,desktop,bank_transfer,Champions,True,26-35
142,2024-03-25,RO,desktop,bank_transfer,Champions,True,26-35
143,2023-12-05,CZ,mobile,bank_transfer,Champions,True,36-45
144,2024-02-05,LT,desktop,crypto,Champions,True,26-35
145,2024-04-14,HU,desktop,card,Champions,True,36-45
146,2023-11-29,BG,mobile,card,Champions,True,18-25
147,2024-07-09,IE,mobile,card,Champions,True,26-35
148,2024-06-22,IE,mobile,card,Champions,True,36-45
149,2024-07-31,LT,desktop,ewallet,Champions,True,26-35
150,2023-01-10,HU,mobile,bank_transfer,Champions,True,18-25
151,2023-11-22,DE,tablet,crypto,Champions,True,36-45
152,2023-08-22,SK,mobile,bank_transfer,Champions,True,36-45
153,2024-04-26,DE,desktop,card,Champions,True,18-25
154,2023-09-06,CZ,mobile,card,Champions,True,18-25
155,2023-09-25,LV,tablet,bank_transfer,Champions,True,36-45
156,2024-06-19,HR,tablet,card,Champions,True,26-35
157,2024-06-23,HR,mobile,ewallet,Champions,True,26-35
158,2023-09-09,SK,mobile,card,Champions,True,18-25
159,2023-06-06,LV,mobile,card,Champions,True,26-35
160,2024-08-03,EE,mobile,bank_transfer,Champions,True,26-35
161,2023-01-09,BG,mobile,ewallet,Champions,True,36-45
162,2023-02-23,IE,desktop,bank_transfer,Champions,True,36-45
163,2024-01-28,EE,mobile,bank_transfer,Champions,True,26-35
164,2023-02-07,BG,desktop,bank_transfer,Champions,True,36-45
165,2024-03-17,RO,mobile,crypto,Champions,True,26-35
166,2024-06-29,CZ,desktop,card,Champions,True,26-35
167,2024-06-26,DE,mobile,card,Champions,True,46+
168,2023-12-07,HR,desktop,card,Champions,True,26-35
169,2023-07-22,HU,mobile,crypto,Champions,True,26-35
170,2023-05-03,PL,mobile,bank_transfer,Champions,True,18-25
171,2023-09-23,MT,desktop,bank_transfer,Champions,True,46+
172,2023-06-27,UA,desktop,bank_transfer,Champions,True,36-45
173,2024-02-21,CY,desktop,crypto,Champions,True,36-45
174,2024-08-01,PL,desktop,card,Champions,True,36-45
175,2024-06-01,DE,desktop,bank_transfer,Champions,True,46+
176,2023-10-09,LT,tablet,card,Champions,True,36-45
177,2024-09-13,DE,mobile,card,Champions,True,18-25
178,2024-04-24,MT,desktop,bank_transfer,Champions,True,46+
179,2024-07-04,LT,tablet,card,Champions,True,36-45
180,2023-10-25,BG,mobile,bank_transfer,Champions,True,36-45
181,2023-06-20,EE,desktop,card,Champions,True,26-35
182,2024-08-14,PL,mobile,card,Champions,True,36-45
183,2024-05-03,BG,desktop,ewallet,Champions,True,36-45
184,2024-04-01,BG,desktop,card,Champions,True,26-35
185,2023-03-07,EE,desktop,card,Champions,True,26-35
186,2024-02-03,HU,desktop,card,Champions,True,26-35
187,2024-03-23,HR,desktop,card,Champions,True,46+
188,2024-07-27,SK,mobile,ewallet,Champions,True,26-35
189,2024-03-30,HR,mobile,card,Champions,True,46+
190,2024-01-13,CY,mobile,card,Champions,True,26-35
191,2023-10-15,UA,desktop,crypto,Champions,True,26-35
192,2024-04-04,LT,mobile,card,Champions,True,26-35
193,2023-04-30,LV,desktop,bank_transfer,Champions,True,26-35
194,2024-09-30,PL,desktop,bank_transfer,Champions,True,18-25
195,2023-03-07,LT,mobile,card,Champions,True,18-25
196,2023-08-22,IE,mobile,bank_transfer,Champions,True,26-35
197,2023-10-15,HR,tablet,ewallet,Champions,True,26-35
198,2023-09-27,MT,mobile,ewallet,Champions,True,26-35
199,2023-12-25,SK,desktop,bank_transfer,Champions,True,36-45
200,2023-07-28,MT,desktop,bank_transfer,Champions,True,26-35
201,2024-06-30,LT,mobile,card,Champions,True,46+
202,2023-06-04,RO,mobile,bank_transfer,Champions,True,36-45
203,2024-01-10,PL,mobile,bank_transfer,Champions,True,46+
204,2024-05-16,SK,desktop,ewallet,Champions,True,46+
205,2023-06-20,BG,mobile,bank_transfer,Champions,True,18-25
206,2024-05-19,DE,desktop,crypto,Champions,True,26-35
207,2024-08-21,HU,mobile,crypto,Champions,True,18-25
208,2023-10-05,UA,mobile,card,Champions,True,18-25
209,2024-09-22,LV,mobile,card,Champions,True,18-25
210,2023-10-19,IE,mobile,card,Champions,True,18-25
211,2024-07-28,LV,mobile,card,Champions,True,26-35
212,2024-03-22,SK,mobile,card,Champions,True,18-25
213,2023-09-23,HR,mobile,bank_transfer,Champions,True,26-35
214,2024-07-06,MT,mobile,card,Champions,True,36-45
215,2023-10-27,DE,mobile,card,Champions,True,26-35
216,2024-06-22,HR,mobile,bank_transfer,Champions,True,26-35
217,2024-04-21,IE,tablet,card,Champions,True,26-35
218,2023-07-31,PL,desktop,card,Champions,True,18-25
219,2023-07-24,CY,desktop,card,Champions,True,18-25
220,2023-03-30,LT,mobile,card,Champions,True,36-45
221,2023-11-01,SK,desktop,bank_transfer,Champions,True,36-45
222,2023-06-04,CY,mobile,ewallet,Champions,True,36-45
223,2023-10-21,LT,desktop,ewallet,Champions,True,26-35
224,2023-04-15,HR,desktop,bank_transfer,Champions,True,36-45
225,2024-08-05,EE,mobile,ewallet,Champions,True,26-35
226,2024-09-22,CZ,desktop,bank_transfer,Champions,True,18-25
227,2023-11-26,DE,mobile,card,Champions,True,18-25
228,2023-09-22,RO,mobile,card,Champions,True,18-25
229,2024-02-26,MT,desktop,ewallet,Champions,True,26-35
230,2024-04-09,DE,desktop,bank_transfer,Champions,True,18-25
231,2024-05-11,HR,desktop,card,Champions,True,26-35
232,2023-04-02,MT,tablet,card,Champions,True,18-25
233,2023-12-21,IE,desktop,card,Champions,True,46+
234,2024-09-27,HR,desktop,bank_transfer,Champions,True,36-45
235,2023-04-27,IE,mobile,bank_transfer,Champions,True,26-35
236,2023-06-24,UA,desktop,ewallet,Champions,True,18-25
237,2023-02-03,EE,mobile,ewallet,Champions,True,26-35
238,2024-01-17,RO,desktop,bank_transfer,Champions,True,26-35
239,2024-04-26,HU,desktop,bank_transfer,Champions,True,36-45
240,2024-03-09,UA,tablet,card,Champions,True,26-35
241,2024-08-26,PL,desktop,bank_transfer,Champions,True,26-35
242,2023-01-08,IE,mobile,ewallet,Champions,True,26-35
243,2023-04-13,RO,mobile,crypto,Champions,True,18-25
244,2024-03-12,IE,mobile,ewallet,Champions,True,46+
245,2023-06-06,CY,mobile,ewallet,Champions,True,46+
246,2023-05-16,MT,mobile,bank_transfer,Champions,True,36-45
247,2024-02-22,SK,desktop,bank_transfer,Champions,True,18-25
248,2024-04-12,CZ,desktop,ewallet,Champions,True,36-45
249,2023-11-18,UA,mobile,ewallet,Champions,True,18-25
250,2023-03-05,CZ,tablet,card,Champions,True,36-45
251,2024-08-19,IE,mobile,card,Loyal,True,36-45
252,2024-07-22,EE,desktop,card,Loyal,True,36-45
253,2024-01-04,PL,mobile,card,Loyal,True,26-35
254,2024-08-21,PL,mobile,card,Loyal,True,18-25
255,2023-07-16,LV,mobile,crypto,Loyal,True,26-35
256,2024-03-14,HU,mobile,ewallet,Loyal,True,46+
257,2023-08-09,CY,mobile,card,Loyal,True,26-35
258,2023-06-27,PL,mobile,card,Loyal,True,18-25
259,2023-01-06,MT,tablet,bank_transfer,Loyal,True,26-35
260,2023-11-05,HR,mobile,card,Loyal,True,26-35
261,2023-07-20,MT,desktop,crypto,Loyal,True,46+
262,2024-05-04,DE,tablet,crypto,Loyal,True,18-25
263,2023-09-20,DE,mobile,bank_transfer,Loyal,True,18-25
264,2023-03-30,LT,desktop,bank_transfer,Loyal,True,26-35
265,2023-11-30,HU,mobile,card,Loyal,True,46+
266,2023-04-16,HR,desktop,ewallet,Loyal,True,26-35
267,2024-06-26,DE,mobile,ewallet,Loyal,True,36-45
268,2023-08-26,SK,mobile,crypto,Loyal,True,18-25
269,2023-05-30,HR,mobile,card,Loyal,True,36-45
270,2024-07-27,CY,mobile,card,Loyal,True,26-35
271,2023-04-29,EE,desktop,ewallet,Loyal,True,46+
272,2023-06-06,BG,mobile,bank_transfer,Loyal,True,26-35
273,2023-08-02,CZ,mobile,crypto,Loyal,True,46+
274,2023-06-06,IE,desktop,bank_transfer,Loyal,True,26-35
275,2023-10-16,HR,mobile,card,Loyal,True,18-25
276,2023-12-06,MT,mobile,crypto,Loyal,True,26-35
277,2024-06-17,LV,mobile,bank_transfer,Loyal,True,18-25
278,2024-09-02,LV,mobile,card,Loyal,True,18-25
279,2023-04-11,CZ,mobile,bank_transfer,Loyal,True,26-35
280,2024-08-09,LV,mobile,bank_transfer,Loyal,True,18-25
281,2024-06-21,SK,desktop,ewallet,Loyal,True,26-35
282,2024-09-24,BG,mobile,crypto,Loyal,True,26-35
283,2023-12-24,LT,mobile,ewallet,Loyal,True,36-45
284,2023-02-02,LT,desktop,ewallet,Loyal,True,18-25
285,2023-05-15,RO,mobile,bank_transfer,Loyal,True,18-25
286,2024-08-14,HU,tablet,card,Loyal,True,18-25
287,2023-09-12,IE,mobile,card,Loyal,True,36-45
288,2023-10-21,HR,mobile,crypto,Loyal,True,26-35
289,2023-09-22,HU,mobile,bank_transfer,Loyal,True,26-35
290,2024-04-09,PL,mobile,crypto,Loyal,True,26-35
291,2023-12-22,CZ,desktop,ewallet,Loyal,True,18-25
292,2023-04-24,CZ,mobile,ewallet,Loyal,True,36-45
293,2023-06-27,PL,mobile,bank_transfer,Loyal,True,26-35
294,2024-09-26,RO,tablet,card,Loyal,True,36-45
295,2023-09-10,UA,desktop,ewallet,Loyal,True,26-35
296,2023-09-16,EE,desktop,card,Loyal,True,36-45
297,2023-09-15,HR,mobile,card,Loyal,True,18-25
298,2023-08-08,CZ,mobile,bank_transfer,Loyal,True,36-45
299,2024-04-14,EE,mobile,card,Loyal,True,18-25
300,2024-02-29,CZ,desktop,ewallet,Loyal,True,26-35
301,2024-08-07,UA,mobile,card,Loyal,True,18-25
302,2024-03-03,PL,mobile,bank_transfer,Loyal,True,46+
303,2024-04-19,LV,mobile,ewallet,Loyal,True,46+
304,2023-05-10,LT,desktop,card,Loyal,True,36-45
305,2023-02-11,UA,tablet,card,Loyal,True,36-45
306,2023-07-25,CZ,mobile,card,Loyal,True,46+
307,2024-09-07,PL,mobile,crypto,Loyal,True,46+
308,2024-01-26,IE,mobile,bank_transfer,Loyal,True,26-35
309,2023-10-11,UA,mobile,card,Loyal,True,46+
310,2024-02-09,CY,desktop,ewallet,Loyal,True,46+
311,2023-01-14,RO,desktop,ewallet,Loyal,True,26-35
312,2024-04-21,PL,mobile,card,Loyal,True,36-45
313,2024-02-10,HR,mobile,bank_transfer,Loyal,True,26-35
314,2023-07-05,CZ,mobile,ewallet,Loyal,True,46+
315,2024-01-01,SK,mobile,card,Loyal,True,36-45
316,2023-04-18,LT,desktop,card,Loyal,True,36-45
317,2024-01-23,HU,mobile,crypto,Loyal,True,18-25
318,2023-03-16,CZ,mobile,card,Loyal,True,36-45
319,2024-07-15,HR,tablet,card,Loyal,True,18-25
320,2024-08-20,DE,desktop,card,Loyal,True,46+
321,2023-05-24,LV,mobile,ewallet,Loyal,True,18-25
322,2024-02-29,IE,mobile,bank_transfer,Loyal,True,26-35
323,2023-07-08,IE,desktop,crypto,Loyal,True,46+
324,2024-03-15,EE,mobile,card,Loyal,True,36-45
325,2023-03-17,EE,mobile,bank_transfer,Loyal,True,26-35
326,2024-09-17,HU,mobile,bank_transfer,Loyal,True,26-35
327,2023-07-27,CZ,desktop,ewallet,Loyal,True,26-35
328,2024-05-18,MT,mobile,ewallet,Loyal,True,36-45
329,2023-04-18,HU,desktop,card,Loyal,True,46+
330,2023-11-11,MT,mobile,card,Loyal,True,26-35
331,2023-06-29,BG,mobile,card,Loyal,True,26-35
332,2023-02-13,CZ,desktop,card,Loyal,True,36-45
333,2024-04-22,PL,mobile,card,Loyal,True,46+
334,2024-06-10,PL,desktop,bank_transfer,Loyal,True,36-45
335,2023-01-28,LT,mobile,ewallet,Loyal,True,26-35
336,2023-03-01,BG,desktop,bank_transfer,Loyal,True,36-45
337,2024-04-02,RO,mobile,card,Loyal,True,18-25
338,2023-10-25,BG,desktop,card,Loyal,True,18-25
339,2023-08-04,BG,mobile,ewallet,Loyal,True,26-35
340,2023-04-23,HU,tablet,card,Loyal,True,36-45
341,2023-04-25,CY,mobile,ewallet,Loyal,True,46+
342,2023-10-15,LV,desktop,card,Loyal,True,26-35
343,2023-10-30,UA,mobile,ewallet,Loyal,True,26-35
344,2024-02-24,LT,desktop,ewallet,Loyal,True,36-45
345,2023-10-25,LT,mobile,bank_transfer,Loyal,True,26-35
346,2023-01-18,LT,mobile,card,Loyal,True,36-45
347,2023-03-08,PL,desktop,card,Loyal,True,26-35
348,2024-06-13,UA,mobile,card,Loyal,True,26-35
349,2024-02-14,BG,mobile,card,Loyal,True,18-25
350,2024-03-09,LV,desktop,bank_transfer,Loyal,True,18-25
351,2024-06-21,RO,mobile,bank_transfer,Loyal,True,46+
352,2024-07-23,MT,mobile,card,Loyal,True,26-35
353,2023-10-24,CY,desktop,card,Loyal,True,18-25
354,2023-05-06,PL,mobile,card,Loyal,True,18-25
355,2023-02-19,CZ,desktop,card,Loyal,True,26-35
356,2023-03-28,CZ,mobile,card,Loyal,True,26-35
357,2024-08-17,CZ,mobile,ewallet,Loyal,True,46+
358,2024-01-26,HR,mobile,card,Loyal,True,18-25
359,2023-10-22,HU,mobile,ewallet,Loyal,True,36-45
360,2024-02-01,DE,desktop,bank_transfer,Loyal,True,46+
361,2023-10-11,BG,mobile,card,Loyal,True,46+
362,2023-01-29,DE,desktop,ewallet,Loyal,True,18-25
363,2024-05-27,SK,mobile,bank_transfer,Loyal,True,46+
364,2024-09-18,HU,mobile,card,Loyal,True,26-35
365,2023-10-28,CZ,mobile,card,Loyal,True,18-25
366,2023-03-23,CY,desktop,bank_transfer,Loyal,True,26-35
367,2024-03-02,IE,mobile,bank_transfer,Loyal,True,46+
368,2023-09-19,PL,tablet,card,Loyal,True,26-35
369,2023-06-23,HU,desktop,bank_transfer,Loyal,True,36-45
370,2023-10-16,MT,desktop,card,Loyal,True,26-35
371,2023-02-15,CY,mobile,card,Loyal,True,36-45
372,2023-08-31,CY,mobile,card,Loyal,True,26-35
373,2024-04-30,HR,mobile,ewallet,Loyal,True,46+
374,2024-04-28,PL,desktop,bank_transfer,Loyal,True,18-25
375,2024-02-25,UA,mobile,crypto,Loyal,True,26-35
376,2024-08-28,LT,mobile,card,Loyal,True,36-45
377,2024-08-07,HR,mobile,ewallet,Loyal,True,46+
378,2023-12-27,CY,mobile,bank_transfer,Loyal,True,18-25
379,2023-12-30,UA,mobile,ewallet,Loyal,True,26-35
380,2024-05-18,PL,desktop,card,Loyal,True,18-25
381,2023-10-06,IE,mobile,bank_transfer,Loyal,True,46+
382,2024-05-10,MT,tablet,ewallet,Loyal,True,18-25
383,2024-08-18,CY,desktop,card,Loyal,True,18-25
384,2024-01-16,CZ,desktop,bank_transfer,Loyal,True,26-35
385,2024-02-13,DE,desktop,card,Loyal,True,26-35
386,2024-09-20,BG,mobile,card,Loyal,True,36-45
387,2023-05-22,HU,mobile,card,Loyal,True,46+
388,2024-06-20,HU,mobile,bank_transfer,Loyal,True,26-35
389,2023-10-05,CZ,mobile,bank_transfer,Loyal,True,26-35
390,2024-03-17,CY,desktop,card,Loyal,True,26-35
391,2024-09-07,BG,mobile,card,Loyal,True,18-25
392,2023-12-01,IE,mobile,card,Loyal,True,46+
393,2023-05-08,UA,desktop,crypto,Loyal,True,18-25
394,2023-09-17,DE,desktop,ewallet,Loyal,True,36-45
395,2023-08-19,BG,mobile,card,Loyal,True,26-35
396,2023-10-02,UA,tablet,crypto,Loyal,True,18-25
397,2023-05-11,BG,mobile,crypto,Loyal,True,18-25
398,2024-03-27,SK,tablet,ewallet,Loyal,True,18-25
399,2023-06-30,IE,desktop,card,Loyal,True,26-35
400,2023-02-08,MT,desktop,bank_transfer,Loyal,True,26-35
401,2024-05-22,MT,mobile,crypto,Loyal,True,26-35
402,2023-10-12,HU,mobile,card,Loyal,True,46+
403,2023-05-08,SK,desktop,ewallet,Loyal,True,36-45
404,2023-03-02,BG,tablet,ewallet,Loyal,True,46+
405,2024-02-05,LV,desktop,bank_transfer,Loyal,True,26-35
406,2023-03-23,LV,desktop,crypto,Loyal,True,36-45
407,2024-05-04,MT,mobile,card,Loyal,True,26-35
408,2023-11-06,HR,mobile,card,Loyal,True,18-25
409,2023-12-30,LT,mobile,crypto,Loyal,True,36-45
410,2024-05-14,LV,mobile,card,Loyal,True,18-25
411,2023-06-30,HU,mobile,bank_transfer,Loyal,True,46+
412,2024-09-16,DE,tablet,card,Loyal,True,18-25
413,2023-08-16,CZ,mobile,card,Loyal,True,26-35
414,2023-04-09,SK,desktop,bank_transfer,Loyal,True,36-45
415,2024-05-24,CZ,desktop,bank_transfer,Loyal,True,46+
416,2023-05-10,UA,tablet,card,Loyal,True,18-25
417,2023-10-30,EE,mobile,crypto,Loyal,True,26-35
418,2023-05-25,LV,desktop,bank_transfer,Loyal,True,18-25
419,2024-01-30,HR,desktop,bank_transfer,Loyal,True,26-35
420,2023-07-25,UA,mobile,ewallet,Loyal,True,18-25
421,2024-04-02,LV,mobile,card,Loyal,True,26-35
422,2024-08-22,RO,mobile,bank_transfer,Loyal,True,26-35
423,2023-06-27,UA,mobile,bank_transfer,Loyal,True,26-35
424,2024-09-28,UA,mobile,bank_transfer,Loyal,True,26-35
425,2024-04-05,EE,mobile,crypto,Loyal,True,26-35
426,2024-02-13,HU,desktop,bank_transfer,Loyal,True,18-25
427,2024-05-27,HR,desktop,ewallet,Loyal,True,26-35
428,2024-06-10,IE,desktop,ewallet,Loyal,True,36-45
429,2023-07-13,CY,desktop,bank_transfer,Loyal,True,46+
430,2023-08-11,HR,mobile,card,Loyal,True,36-45
431,2023-08-25,DE,desktop,bank_transfer,Loyal,True,18-25
432,2023-11-20,UA,desktop,card,Loyal,True,18-25
433,2023-08-28,HR,desktop,ewallet,Loyal,True,26-35
434,2024-02-06,PL,mobile,crypto,Loyal,True,18-25
435,2023-06-30,CY,mobile,bank_transfer,Loyal,True,46+
436,2023-05-07,DE,desktop,ewallet,Loyal,True,18-25
437,2024-04-25,PL,mobile,card,Loyal,True,26-35
438,2023-08-17,EE,mobile,card,Loyal,True,26-35
439,2024-06-14,PL,mobile,bank_transfer,Loyal,True,36-45
440,2024-03-27,LT,desktop,ewallet,Loyal,True,26-35
441,2023-10-09,CY,mobile,card,Loyal,True,18-25
442,2024-06-09,CZ,mobile,card,Loyal,True,26-35
443,2024-08-05,BG,mobile,card,Loyal,True,18-25
444,2024-04-26,PL,mobile,card,Loyal,True,26-35
445,2024-07-30,IE,desktop,crypto,Loyal,True,26-35
446,2023-06-01,EE,desktop,ewallet,Loyal,True,46+
447,2023-10-29,CZ,desktop,crypto,Loyal,True,36-45
448,2024-01-28,EE,mobile,card,Loyal,True,18-25
449,2024-01-07,EE,mobile,card,Loyal,True,26-35
450,2023-11-02,UA,desktop,ewallet,Loyal,True,18-25
451,2024-04-01,EE,desktop,ewallet,Loyal,True,46+
452,2023-05-25,PL,desktop,ewallet,Loyal,True,26-35
453,2023-03-24,BG,mobile,bank_transfer,Loyal,True,46+
454,2023-09-15,LT,mobile,bank_transfer,Loyal,True,26-35
455,2023-05-18,EE,mobile,card,Loyal,True,46+
456,2023-04-19,EE,mobile,ewallet,Loyal,True,36-45
457,2024-03-05,HR,mobile,ewallet,Loyal,True,26-35
458,2023-05-03,RO,desktop,card,Loyal,True,36-45
459,2024-10-01,IE,mobile,card,Loyal,True,46+
460,2024-06-05,SK,mobile,card,Loyal,True,26-35
461,2024-03-23,CZ,desktop,ewallet,Loyal,True,26-35
462,2023-06-11,LT,desktop,card,Loyal,True,18-25
463,2024-01-02,LV,tablet,card,Loyal,True,18-25
464,2024-01-01,RO,mobile,ewallet,Loyal,True,18-25
465,2023-03-31,CZ,desktop,card,Loyal,True,18-25
466,2023-09-10,SK,mobile,card,Loyal,True,26-35
467,2024-04-19,BG,desktop,bank_transfer,Loyal,True,46+
468,2024-07-05,DE,mobile,card,Loyal,True,46+
469,2023-02-15,LT,desktop,ewallet,Loyal,True,18-25
470,2023-06-07,LT,mobile,card,Loyal,True,18-25
471,2023-09-16,SK,mobile,ewallet,Loyal,True,46+
472,2023-10-24,HU,desktop,card,Loyal,True,26-35
473,2023-03-17,RO,mobile,crypto,Loyal,True,26-35
474,2023-06-13,IE,mobile,ewallet,Loyal,True,26-35
475,2023-06-13,MT,mobile,bank_transfer,Loyal,True,36-45
476,2023-01-23,IE,mobile,crypto,Loyal,True,46+
477,2023-06-08,PL,mobile,card,Loyal,True,46+
478,2024-06-26,UA,mobile,bank_transfer,Loyal,True,36-45
479,2024-01-21,HU,desktop,crypto,Loyal,True,36-45
480,2023-03-24,EE,mobile,ewallet,Loyal,True,26-35
481,2024-09-22,EE,desktop,ewallet,Loyal,True,26-35
482,2024-04-21,PL,mobile,card,Loyal,True,26-35
483,2024-03-06,PL,desktop,card,Loyal,True,36-45
484,2023-11-20,HR,desktop,card,Loyal,True,36-45
485,2023-07-05,CZ,mobile,card,Loyal,True,36-45
486,2024-03-09,HR,tablet,ewallet,Loyal,True,46+
487,2023-04-11,SK,mobile,bank_transfer,Loyal,True,26-35
488,2024-09-21,DE,tablet,card,Loyal,True,26-35
489,2024-01-29,IE,mobile,ewallet,Loyal,True,26-35
490,2024-07-14,RO,tablet,ewallet,Loyal,True,26-35
491,2023-06-09,IE,mobile,bank_transfer,Loyal,True,36-45
492,2024-05-07,PL,desktop,card,Loyal,True,26-35
493,2024-08-10,IE,desktop,bank_transfer,Loyal,True,18-25
494,2024-03-31,CZ,mobile,ewallet,Loyal,True,18-25
495,2024-06-22,RO,tablet,card,Loyal,True,36-45
496,2023-09-11,SK,mobile,ewallet,Loyal,True,36-45
497,2024-04-15,DE,mobile,bank_transfer,Loyal,True,36-45
498,2024-07-20,HU,mobile,card,Loyal,True,18-25
499,2023-08-06,CY,desktop,bank_transfer,Loyal,True,36-45
500,2024-09-05,HR,mobile,bank_transfer,Loyal,True,26-35
501,2023-02-09,LV,mobile,ewallet,Loyal,True,36-45
502,2024-02-14,SK,mobile,bank_transfer,Loyal,True,18-25
503,2023-06-18,EE,desktop,crypto,Loyal,True,26-35
504,2024-09-14,MT,mobile,card,Loyal,True,18-25
505,2023-04-30,LT,mobile,crypto,Loyal,True,18-25
506,2023-03-18,HR,mobile,ewallet,Loyal,True,26-35
507,2023-02-24,UA,desktop,ewallet,Loyal,True,36-45
508,2024-05-10,LT,mobile,ewallet,Loyal,True,26-35
509,2024-03-26,CY,mobile,card,Loyal,True,36-45
510,2023-08-10,HR,mobile,card,Loyal,True,26-35
511,2024-05-26,SK,mobile,bank_transfer,Loyal,True,46+
512,2024-06-22,IE,mobile,ewallet,Loyal,True,26-35
513,2024-04-26,LT,desktop,crypto,Loyal,True,26-35
514,2023-05-19,PL,desktop,card,Loyal,True,26-35
515,2023-07-02,IE,desktop,bank_transfer,Loyal,True,18-25
516,2024-02-02,DE,desktop,bank_transfer,Loyal,True,36-45
517,2024-01-26,SK,mobile,card,Loyal,True,18-25
518,2023-02-17,PL,mobile,card,Loyal,True,36-45
519,2024-05-08,IE,desktop,bank_transfer,Loyal,True,36-45
520,2023-06-01,PL,mobile,bank_transfer,Loyal,True,36-45
521,2024-04-06,LV,mobile,bank_transfer,Loyal,True,36-45
522,2024-08-16,HR,desktop,card,Loyal,True,26-35
523,2024-03-03,DE,desktop,bank_transfer,Loyal,True,26-35
524,2023-11-05,SK,tablet,bank_transfer,Loyal,True,18-25
525,2023-09-30,SK,mobile,card,Loyal,True,26-35
526,2023-05-19,EE,desktop,ewallet,Loyal,True,18-25
527,2023-05-18,CZ,mobile,crypto,Loyal,True,18-25
528,2023-12-31,LV,desktop,card,Loyal,True,36-45
529,2023-07-17,RO,desktop,card,Loyal,True,46+
530,2023-09-21,CZ,mobile,ewallet,Loyal,True,36-45
531,2023-08-19,LT,mobile,card,Loyal,True,26-35
532,2024-10-01,LT,mobile,bank_transfer,Loyal,True,46+
533,2023-01-06,CY,mobile,bank_transfer,Loyal,True,46+
534,2024-09-25,SK,tablet,card,Loyal,True,26-35
535,2024-03-03,HR,mobile,card,Loyal,True,46+
536,2024-06-17,HU,tablet,crypto,Loyal,True,36-45
537,2024-09-06,SK,mobile,bank_transfer,Loyal,True,26-35
538,2023-06-22,IE,mobile,bank_transfer,Loyal,True,26-35
539,2024-03-10,IE,mobile,card,Loyal,True,18-25
540,2024-04-24,CY,mobile,ewallet,Loyal,True,26-35
541,2023-02-06,UA,desktop,bank_transfer,Loyal,True,18-25
542,2023-05-26,PL,mobile,card,Loyal,True,36-45
543,2024-07-24,LT,mobile,card,Loyal,True,26-35
544,2023-06-26,BG,mobile,ewallet,Loyal,True,18-25
545,2023-11-29,CY,mobile,card,Loyal,True,18-25
546,2024-01-24,SK,desktop,ewallet,Loyal,True,18-25
547,2023-12-17,UA,desktop,bank_transfer,Loyal,True,18-25
548,2023-04-25,UA,mobile,bank_transfer,Loyal,True,36-45
549,2023-05-06,RO,tablet,bank_transfer,Loyal,True,26-35
550,2024-01-19,MT,mobile,card,Loyal,True,26-35
551,2024-04-14,DE,mobile,ewallet,Loyal,True,18-25
552,2023-01-30,LT,mobile,bank_transfer,Loyal,True,36-45
553,2024-02-09,SK,desktop,ewallet,Loyal,True,18-25
554,2024-05-12,DE,mobile,bank_transfer,Loyal,True,26-35
555,2023-04-25,LV,mobile,bank_transfer,Loyal,True,26-35
556,2023-01-28,HU,mobile,ewallet,Loyal,True,46+
557,2023-10-07,HR,desktop,card,Loyal,True,46+
558,2023-05-09,LV,tablet,card,Loyal,True,36-45
559,2024-04-02,BG,desktop,crypto,Loyal,True,26-35
560,2024-09-12,HR,mobile,ewallet,Loyal,True,36-45
561,2024-08-23,UA,mobile,bank_transfer,Loyal,True,18-25
562,2024-01-29,PL,desktop,card,Loyal,True,36-45
563,2023-04-28,PL,mobile,bank_transfer,Loyal,True,26-35
564,2024-06-27,IE,tablet,ewallet,Loyal,True,26-35
565,2024-09-12,LV,mobile,bank_transfer,Loyal,True,46+
566,2023-04-22,IE,desktop,card,Loyal,True,46+
567,2024-02-25,DE,desktop,card,Loyal,True,36-45
568,2023-08-31,HR,desktop,card,Loyal,True,36-45
569,2024-02-17,UA,mobile,card,Loyal,True,36-45
570,2024-09-23,CY,mobile,card,Loyal,True,26-35
571,2024-04-27,RO,mobile,card,Loyal,True,36-45
572,2024-04-27,EE,mobile,ewallet,Loyal,True,26-35
573,2024-05-27,HR,desktop,card,Loyal,True,46+
574,2024-09-01,DE,mobile,card,Loyal,True,18-25
575,2023-04-30,BG,mobile,card,Loyal,True,18-25
576,2024-03-16,DE,mobile,card,Loyal,True,26-35
577,2023-06-22,UA,mobile,bank_transfer,Loyal,True,26-35
578,2023-06-28,SK,desktop,card,Loyal,True,18-25
579,2023-10-17,RO,mobile,card,Loyal,True,36-45
580,2023-06-08,IE,mobile,bank_transfer,Loyal,True,26-35
581,2023-04-03,IE,mobile,card,Loyal,True,26-35
582,2023-01-14,MT,mobile,ewallet,Loyal,True,46+
583,2023-07-27,CY,desktop,ewallet,Loyal,True,26-35
584,2023-01-15,UA,desktop,bank_transfer,Loyal,True,46+
585,2024-09-21,IE,mobile,card,Loyal,True,26-35
586,2024-09-19,RO,mobile,card,Loyal,True,46+
587,2023-05-02,CZ,mobile,ewallet,Loyal,True,26-35
588,2023-01-11,LT,mobile,crypto,Loyal,True,26-35
589,2023-01-12,CZ,mobile,crypto,Loyal,True,26-35
590,2023-03-25,LT,mobile,card,Loyal,True,26-35
591,2023-01-06,PL,mobile,crypto,Loyal,True,26-35
592,2024-08-18,RO,mobile,ewallet,Loyal,True,26-35
593,2023-03-24,MT,desktop,card,Loyal,True,26-35
594,2023-06-28,HR,tablet,card,Loyal,True,26-35
595,2023-05-08,IE,mobile,card,Loyal,True,36-45
596,2023-01-20,CY,mobile,bank_transfer,Loyal,True,26-35
597,2023-11-21,BG,mobile,ewallet,Loyal,True,26-35
598,2023-08-16,EE,mobile,ewallet,Loyal,True,26-35
599,2023-06-20,LV,desktop,card,Loyal,True,18-25
600,2023-05-17,DE,mobile,card,Loyal,True,26-35
601,2024-03-10,IE,mobile,ewallet,Loyal,True,46+
602,2024-04-23,IE,desktop,ewallet,Loyal,True,36-45
603,2024-03-14,CZ,mobile,card,Loyal,True,26-35
604,2024-09-27,CY,mobile,card,Loyal,True,36-45
605,2023-08-11,DE,desktop,card,Loyal,True,18-25
606,2023-01-10,MT,mobile,card,Loyal,True,26-35
607,2024-06-11,MT,mobile,card,Loyal,True,26-35
608,2023-01-21,DE,mobile,card,Loyal,True,26-35
609,2023-07-29,IE,mobile,card,Loyal,True,36-45
610,2023-02-27,BG,tablet,crypto,Loyal,True,26-35
611,2024-05-26,UA,mobile,ewallet,Loyal,True,36-45
612,2023-12-07,DE,desktop,ewallet,Loyal,True,26-35
613,2023-03-19,LV,desktop,card,Loyal,True,46+
614,2024-05-05,IE,mobile,crypto,Loyal,True,36-45
615,2023-01-24,RO,desktop,card,Loyal,True,36-45
616,2023-03-01,MT,desktop,bank_transfer,Loyal,True,46+
617,2023-08-11,IE,mobile,card,Loyal,True,18-25
618,2023-03-04,BG,mobile,card,Loyal,True,26-35
619,2024-06-28,MT,desktop,card,Loyal,True,46+
620,2023-09-30,LT,mobile,card,Loyal,True,26-35
621,2023-02-03,CY,mobile,bank_transfer,Loyal,True,18-25
622,2023-09-25,LV,mobile,bank_transfer,Loyal,True,26-35
623,2023-11-06,MT,mobile,crypto,Loyal,True,36-45
624,2024-06-11,CZ,tablet,ewallet,Loyal,True,18-25
625,2024-08-16,SK,mobile,ewallet,Loyal,True,26-35
626,2023-12-03,DE,mobile,crypto,Loyal,True,18-25
627,2023-08-15,MT,desktop,card,Loyal,True,26-35
628,2023-12-27,LV,desktop,card,Loyal,True,26-35
629,2023-07-08,PL,desktop,card,Loyal,True,46+
630,2023-06-15,BG,desktop,card,Loyal,True,26-35
631,2023-03-19,CY,desktop,card,Loyal,True,18-25
632,2024-01-12,UA,mobile,crypto,Loyal,True,26-35
633,2023-07-21,CY,mobile,crypto,Loyal,True,18-25
634,2024-07-12,HU,mobile,crypto,Loyal,True,46+
635,2023-08-09,CZ,mobile,bank_transfer,Loyal,True,26-35
636,2023-07-21,CZ,mobile,ewallet,Loyal,True,26-35
637,2023-11-02,CY,mobile,card,Loyal,True,36-45
638,2024-03-27,IE,mobile,bank_transfer,Loyal,True,18-25
639,2024-05-26,HU,desktop,ewallet,Loyal,True,18-25
640,2024-08-30,RO,mobile,card,Loyal,True,26-35
641,2023-10-27,SK,mobile,card,Loyal,True,26-35
642,2023-07-09,CY,mobile,card,Loyal,True,26-35
643,2023-07-16,MT,mobile,card,Loyal,True,26-35
644,2024-02-06,CY,desktop,card,Loyal,True,26-35
645,2023-06-20,CZ,mobile,crypto,Loyal,True,36-45
646,2024-09-10,CZ,mobile,card,Loyal,True,36-45
647,2023-12-11,UA,mobile,card,Loyal,True,26-35
648,2024-09-23,LT,mobile,ewallet,Loyal,True,26-35
649,2023-02-21,CZ,desktop,bank_transfer,Loyal,True,36-45
650,2024-04-07,BG,desktop,ewallet,Loyal,True,46+
651,2023-01-29,RO,desktop,card,Loyal,True,46+
652,2023-01-24,SK,desktop,card,Loyal,True,18-25
653,2024-07-28,CY,desktop,card,Loyal,True,18-25
654,2023-08-05,PL,desktop,ewallet,Loyal,True,18-25
655,2023-06-26,MT,tablet,ewallet,Loyal,True,36-45
656,2023-07-07,SK,mobile,card,Loyal,True,18-25
657,2023-02-16,RO,mobile,card,Loyal,True,36-45
658,2024-04-11,LT,tablet,ewallet,Loyal,True,26-35
659,2023-06-03,HR,mobile,card,Loyal,True,26-35
660,2023-11-08,BG,mobile,bank_transfer,Loyal,True,46+
661,2024-01-31,LT,mobile,card,Loyal,True,18-25
662,2024-09-28,CY,mobile,card,Loyal,True,18-25
663,2023-03-06,HR,mobile,crypto,Loyal,True,18-25
664,2024-05-04,RO,mobile,card,Loyal,True,18-25
665,2023-07-07,UA,tablet,card,Loyal,True,18-25
666,2023-06-18,PL,desktop,bank_transfer,Loyal,True,26-35
667,2023-04-10,IE,desktop,card,Loyal,True,26-35
668,2023-08-30,SK,desktop,ewallet,Loyal,True,26-35
669,2023-12-22,DE,mobile,card,Loyal,True,18-25
670,2023-12-30,EE,desktop,card,Loyal,True,36-45
671,2023-01-01,SK,desktop,ewallet,Loyal,True,18-25
672,2023-02-12,UA,mobile,card,Loyal,True,46+
673,2024-04-15,PL,mobile,card,Loyal,True,36-45
674,2023-05-31,EE,mobile,bank_transfer,Loyal,True,46+
675,2023-09-14,BG,desktop,card,Loyal,True,26-35
676,2023-04-07,RO,desktop,bank_transfer,Loyal,True,36-45
677,2024-05-03,LV,mobile,card,Loyal,True,26-35
678,2023-06-18,MT,mobile,card,Loyal,True,26-35
679,2024-05-05,RO,mobile,card,Loyal,True,46+
680,2023-06-10,BG,desktop,card,Loyal,True,36-45
681,2024-09-10,EE,mobile,card,Loyal,True,18-25
682,2024-06-26,HR,mobile,ewallet,Loyal,True,46+
683,2023-06-22,PL,desktop,card,Loyal,True,26-35
684,2023-01-29,BG,desktop,card,Loyal,True,18-25
685,2023-07-15,IE,tablet,card,Loyal,True,18-25
686,2024-01-16,EE,mobile,bank_transfer,Loyal,True,26-35
687,2023-05-22,CZ,desktop,ewallet,Loyal,True,36-45
688,2024-05-22,SK,mobile,bank_transfer,Loyal,True,26-35
689,2024-07-12,UA,tablet,bank_transfer,Loyal,True,46+
690,2023-07-31,LV,mobile,bank_transfer,Loyal,True,26-35
691,2023-08-12,BG,mobile,bank_transfer,Loyal,True,18-25
692,2023-03-10,UA,tablet,card,Loyal,True,18-25
693,2024-04-25,HR,mobile,crypto,Loyal,True,36-45
694,2024-05-04,IE,mobile,bank_transfer,Loyal,True,36-45
695,2023-06-17,MT,desktop,ewallet,Loyal,True,26-35
696,2024-04-29,HR,mobile,bank_transfer,Loyal,True,46+
697,2023-02-07,LT,desktop,card,Loyal,True,36-45
698,2024-01-12,LV,tablet,card,Loyal,True,18-25
699,2024-03-18,LV,mobile,bank_transfer,Loyal,True,18-25
700,2023-12-12,LV,mobile,bank_transfer,Loyal,True,26-35
701,2023-08-09,LT,desktop,bank_transfer,Loyal,True,36-45
702,2024-02-25,CZ,desktop,bank_transfer,Loyal,True,36-45
703,2024-05-12,RO,mobile,bank_transfer,Loyal,True,46+
704,2023-03-06,BG,desktop,card,Loyal,True,26-35
705,2023-04-27,PL,desktop,ewallet,Loyal,True,26-35
706,2023-05-22,LT,desktop,card,Loyal,True,26-35
707,2024-06-19,IE,desktop,bank_transfer,Loyal,True,26-35
708,2024-07-07,RO,mobile,card,Loyal,True,18-25
709,2023-04-13,EE,tablet,bank_transfer,Loyal,True,26-35
710,2023-08-27,RO,mobile,card,Loyal,True,36-45
711,2024-07-01,LT,desktop,ewallet,Loyal,True,18-25
712,2023-09-03,CY,desktop,crypto,Loyal,True,26-35
713,2023-05-04,PL,desktop,ewallet,Loyal,True,26-35
714,2023-02-02,LV,desktop,card,Loyal,True,36-45
715,2024-03-10,IE,mobile,bank_transfer,Loyal,True,46+
716,2023-11-16,SK,desktop,card,Loyal,True,18-25
717,2024-01-19,HR,tablet,bank_transfer,Loyal,True,36-45
718,2024-08-24,SK,mobile,card,Loyal,True,18-25
719,2023-06-12,LT,mobile,ewallet,Loyal,True,18-25
720,2023-03-03,BG,mobile,bank_transfer,Loyal,True,18-25
721,2023-08-13,RO,desktop,card,Loyal,True,36-45
722,2023-04-15,BG,desktop,card,Loyal,True,46+
723,2023-02-01,LV,desktop,bank_transfer,Loyal,True,36-45
724,2024-07-31,SK,desktop,bank_transfer,Loyal,True,18-25
725,2023-01-23,HR,desktop,ewallet,Loyal,True,26-35
726,2024-09-05,DE,mobile,bank_transfer,Loyal,True,26-35
727,2023-01-01,CZ,mobile,card,Loyal,True,26-35
728,2023-10-07,BG,mobile,crypto,Loyal,True,18-25
729,2024-01-29,LT,mobile,bank_transfer,Loyal,True,26-35
730,2023-07-24,BG,desktop,crypto,Loyal,True,26-35
731,2023-12-18,LT,mobile,card,Loyal,True,26-35
732,2024-03-19,LV,mobile,bank_transfer,Loyal,True,36-45
733,2023-03-15,IE,mobile,bank_transfer,Loyal,True,26-35
734,2024-04-22,DE,mobile,card,Loyal,True,36-45
735,2023-02-21,EE,mobile,bank_transfer,Loyal,True,36-45
736,2024-09-29,EE,desktop,bank_transfer,Loyal,True,36-45
737,2023-06-17,SK,desktop,card,Loyal,True,46+
738,2024-03-21,BG,mobile,ewallet,Loyal,True,18-25
739,2024-04-07,HR,mobile,card,Loyal,True,26-35
740,2023-05-05,CY,mobile,bank_transfer,Loyal,True,26-35
741,2024-06-30,UA,desktop,bank_transfer,Loyal,True,18-25
742,2024-05-06,SK,mobile,crypto,Loyal,True,18-25
743,2023-08-25,SK,tablet,crypto,Loyal,True,26-35
744,2023-09-18,CZ,desktop,bank_transfer,Loyal,True,36-45
745,2023-11-10,BG,mobile,bank_transfer,Loyal,True,26-35
746,2023-01-21,MT,desktop,card,Loyal,True,46+
747,2024-08-12,EE,mobile,ewallet,Loyal,True,26-35
748,2024-06-08,EE,mobile,card,Loyal,True,46+
749,2023-12-24,LT,desktop,ewallet,Loyal,True,46+
750,2024-06-10,RO,mobile,crypto,Loyal,True,26-35
751,2023-04-06,HU,desktop,card,Loyal,True,26-35
752,2023-09-28,HU,mobile,card,Loyal,True,26-35
753,2024-06-17,HU,desktop,bank_transfer,Loyal,True,26-35
754,2024-07-22,LT,mobile,card,Loyal,True,36-45
755,2023-08-30,CZ,desktop,ewallet,Loyal,True,26-35
756,2023-05-07,HR,desktop,card,Loyal,True,46+
757,2023-08-06,HU,desktop,bank_transfer,Loyal,True,36-45
758,2024-04-11,MT,tablet,card,Loyal,True,36-45
759,2023-09-09,IE,mobile,crypto,Loyal,True,26-35
760,2024-04-21,MT,desktop,card,Loyal,True,26-35
761,2023-07-21,LV,mobile,card,Loyal,True,26-35
762,2024-06-22,DE,mobile,ewallet,Loyal,True,46+
763,2024-01-24,LT,desktop,bank_transfer,Loyal,True,36-45
764,2023-02-14,PL,mobile,card,Loyal,True,26-35
765,2023-07-17,SK,mobile,bank_transfer,Loyal,True,36-45
766,2024-01-08,HR,desktop,card,Loyal,True,36-45
767,2024-01-09,LT,mobile,bank_transfer,Loyal,True,26-35
768,2024-06-30,LT,desktop,card,Loyal,True,36-45
769,2023-04-20,EE,mobile,crypto,Loyal,True,26-35
770,2023-06-13,RO,desktop,crypto,Loyal,True,46+
771,2023-04-25,PL,desktop,card,Loyal,True,26-35
772,2023-04-17,CY,desktop,bank_transfer,Loyal,True,26-35
773,2023-01-16,MT,desktop,ewallet,Loyal,True,26-35
774,2023-09-06,CZ,desktop,card,Loyal,True,18-25
775,2023-12-24,LT,tablet,card,Loyal,True,26-35
776,2024-02-16,SK,mobile,ewallet,Loyal,True,26-35
777,2023-08-02,CZ,tablet,card,Loyal,True,26-35
778,2023-11-19,MT,mobile,ewallet,Loyal,True,26-35
779,2024-03-03,CZ,mobile,ewallet,Loyal,True,36-45
780,2023-09-20,DE,mobile,card,Loyal,True,46+
781,2024-07-29,UA,mobile,bank_transfer,Loyal,True,26-35
782,2023-01-02,UA,mobile,bank_transfer,Loyal,True,18-25
783,2023-02-06,CZ,desktop,bank_transfer,Loyal,True,18-25
784,2023-12-05,HU,desktop,card,Loyal,True,36-45
785,2024-07-04,EE,desktop,card,Loyal,True,18-25
786,2023-08-19,CY,mobile,card,Loyal,True,26-35
787,2023-01-23,MT,desktop,card,Loyal,True,46+
788,2024-04-08,PL,desktop,ewallet,Loyal,True,36-45
789,2023-12-03,HU,mobile,bank_transfer,Loyal,True,46+
790,2024-03-07,BG,mobile,card,Loyal,True,18-25
791,2024-01-14,IE,mobile,bank_transfer,Loyal,True,36-45
792,2024-08-27,LT,tablet,card,Loyal,True,36-45
793,2023-05-21,EE,mobile,ewallet,Loyal,True,26-35
794,2024-07-21,CZ,desktop,bank_transfer,Loyal,True,26-35
795,2023-12-04,LV,mobile,card,Loyal,True,36-45
796,2023-03-28,LV,mobile,card,Loyal,True,36-45
797,2023-06-02,BG,mobile,crypto,Loyal,True,26-35
798,2024-03-15,HU,desktop,card,Loyal,True,36-45
799,2023-05-24,BG,desktop,bank_transfer,Loyal,True,36-45
800,2024-09-24,CZ,mobile,bank_transfer,Loyal,True,36-45
801,2023-08-04,DE,mobile,card,Loyal,True,26-35
802,2024-09-30,LT,mobile,card,Loyal,True,26-35
803,2024-01-01,LV,mobile,card,Loyal,True,18-25
804,2024-04-12,UA,desktop,bank_transfer,Loyal,True,18-25
805,2023-10-12,IE,desktop,card,Loyal,True,26-35
806,2023-01-19,MT,mobile,crypto,Loyal,True,26-35
807,2024-03-07,CY,mobile,crypto,Loyal,True,46+
808,2024-03-10,MT,desktop,bank_transfer,Loyal,True,18-25
809,2024-06-15,IE,desktop,card,Loyal,True,26-35
810,2024-06-04,PL,mobile,ewallet,Loyal,True,36-45
811,2023-08-15,MT,desktop,card,Loyal,True,26-35
812,2024-02-16,BG,mobile,ewallet,Loyal,True,26-35
813,2023-12-15,CZ,mobile,card,Loyal,True,26-35
814,2023-10-08,DE,mobile,card,Loyal,True,36-45
815,2024-04-05,MT,mobile,card,Loyal,True,36-45
816,2023-08-29,LV,mobile,ewallet,Loyal,True,46+
817,2023-10-24,HR,mobile,ewallet,Loyal,True,26-35
818,2024-02-27,HU,mobile,bank_transfer,Loyal,True,26-35
819,2023-12-02,UA,mobile,card,Loyal,True,26-35
820,2023-03-08,HR,desktop,crypto,Loyal,True,18-25
821,2024-04-25,CZ,mobile,card,Loyal,True,26-35
822,2024-02-02,IE,mobile,card,Loyal,True,26-35
823,2023-04-03,CY,mobile,card,Loyal,True,18-25
824,2023-09-14,PL,mobile,bank_transfer,Loyal,True,26-35
825,2023-10-28,HU,mobile,card,Loyal,True,46+
826,2023-12-17,DE,mobile,card,Loyal,True,18-25
827,2024-07-19,MT,desktop,bank_transfer,Loyal,True,46+
828,2024-09-20,HU,mobile,crypto,Loyal,True,18-25
829,2024-07-09,LT,mobile,card,Loyal,True,46+
830,2024-02-03,HR,mobile,crypto,Loyal,True,26-35
831,2024-03-02,HR,tablet,card,Loyal,True,46+
832,2024-02-20,EE,desktop,ewallet,Loyal,True,18-25
833,2023-11-27,RO,desktop,bank_transfer,Loyal,True,18-25
834,2023-12-08,MT,mobile,ewallet,Loyal,True,18-25
835,2023-06-27,IE,tablet,card,Loyal,True,18-25
836,2024-03-29,HU,desktop,card,Loyal,True,26-35
837,2023-06-13,EE,desktop,card,Loyal,True,36-45
838,2024-03-13,CY,desktop,card,Loyal,True,26-35
839,2024-04-04,LV,desktop,bank_transfer,Loyal,True,26-35
840,2024-07-18,IE,mobile,card,Loyal,True,18-25
841,2023-04-10,HR,mobile,ewallet,Loyal,True,18-25
842,2024-09-23,BG,mobile,card,Loyal,True,26-35
843,2023-12-11,CY,tablet,ewallet,Loyal,True,18-25
844,2024-05-25,IE,desktop,card,Loyal,True,46+
845,2024-05-24,HR,mobile,card,Loyal,True,18-25
846,2023-11-28,HU,mobile,crypto,Loyal,True,36-45
847,2024-02-24,IE,mobile,bank_transfer,Loyal,True,26-35
848,2024-09-12,DE,mobile,card,Loyal,True,26-35
849,2023-04-12,LV,mobile,bank_transfer,Loyal,True,36-45
850,2024-01-03,CY,mobile,crypto,Loyal,True,26-35
851,2023-09-14,HU,desktop,ewallet,Loyal,True,36-45
852,2024-06-08,HU,desktop,bank_transfer,Loyal,True,26-35
853,2024-04-21,SK,desktop,card,Loyal,True,26-35
854,2023-03-05,MT,mobile,bank_transfer,Loyal,True,18-25
855,2023-05-12,CZ,desktop,ewallet,Loyal,True,26-35
856,2024-01-26,CY,mobile,bank_transfer,Loyal,True,26-35
857,2024-06-11,LT,mobile,crypto,Loyal,True,18-25
858,2024-02-24,SK,desktop,bank_transfer,Loyal,True,26-35
859,2023-06-29,MT,mobile,ewallet,Loyal,True,26-35
860,2024-04-22,MT,mobile,card,Loyal,True,36-45
861,2023-06-15,HR,desktop,ewallet,Loyal,True,36-45
862,2023-07-07,HU,mobile,ewallet,Loyal,True,46+
863,2023-06-09,LT,mobile,card,Loyal,True,26-35
864,2023-02-28,CZ,desktop,bank_transfer,Loyal,True,26-35
865,2023-04-23,SK,mobile,card,Loyal,True,46+
866,2023-07-21,HU,desktop,card,Loyal,True,36-45
867,2023-08-30,PL,mobile,card,Loyal,True,46+
868,2023-02-11,LV,desktop,bank_transfer,Loyal,True,18-25
869,2023-07-13,SK,desktop,card,Loyal,True,46+
870,2023-04-28,CZ,desktop,card,Loyal,True,36-45
871,2023-05-15,SK,mobile,bank_transfer,Loyal,True,46+
872,2024-09-16,RO,mobile,ewallet,Loyal,True,18-25
873,2024-06-11,RO,desktop,bank_transfer,Loyal,True,26-35
874,2024-02-20,IE,desktop,card,Loyal,True,18-25
875,2023-11-19,HR,desktop,card,Loyal,True,26-35
876,2023-06-22,PL,desktop,card,Loyal,True,26-35
877,2024-08-07,DE,mobile,ewallet,Loyal,True,26-35
878,2023-09-20,DE,mobile,crypto,Loyal,True,36-45
879,2023-12-12,CZ,desktop,crypto,Loyal,True,26-35
880,2024-04-08,BG,desktop,bank_transfer,Loyal,True,26-35
881,2023-06-02,LV,mobile,bank_transfer,Loyal,True,36-45
882,2023-05-23,DE,desktop,card,Loyal,True,18-25
883,2023-10-25,LV,mobile,crypto,Loyal,True,46+
884,2023-10-18,CZ,desktop,ewallet,Loyal,True,46+
885,2023-03-24,PL,mobile,card,Loyal,True,26-35
886,2023-10-25,BG,mobile,card,Loyal,True,46+
887,2023-05-22,BG,tablet,ewallet,Loyal,True,36-45
888,2023-05-06,RO,desktop,card,Loyal,True,36-45
889,2023-10-08,HR,tablet,card,Loyal,True,26-35
890,2023-04-30,HU,desktop,bank_transfer,Loyal,True,26-35
891,2023-11-01,BG,mobile,bank_transfer,Loyal,True,26-35
892,2024-02-09,UA,mobile,card,Loyal,True,26-35
893,2024-05-28,CZ,mobile,card,Loyal,True,18-25
894,2023-08-01,CY,mobile,card,Loyal,True,36-45
895,2024-04-14,BG,mobile,crypto,Loyal,True,18-25
896,2024-08-27,BG,mobile,ewallet,Loyal,True,36-45
897,2024-01-01,IE,mobile,ewallet,Loyal,True,26-35
898,2024-06-23,MT,mobile,card,Loyal,True,46+
899,2023-02-15,EE,desktop,bank_transfer,Loyal,True,36-45
900,2023-02-10,LV,desktop,ewallet,Loyal,True,18-25
901,2023-08-04,UA,desktop,card,Loyal,True,18-25
902,2023-01-01,CY,mobile,card,Loyal,True,18-25
903,2024-06-29,IE,desktop,card,Loyal,True,46+
904,2023-02-06,MT,tablet,card,Loyal,True,36-45
905,2023-02-19,EE,desktop,card,Loyal,True,18-25
906,2024-01-20,BG,mobile,bank_transfer,Loyal,True,46+
907,2024-02-26,HU,desktop,crypto,Loyal,True,36-45
908,2024-03-06,UA,mobile,ewallet,Loyal,True,26-35
909,2024-03-22,RO,mobile,crypto,Loyal,True,26-35
910,2023-01-03,SK,mobile,card,Loyal,True,18-25
911,2024-09-26,MT,desktop,ewallet,Loyal,True,18-25
912,2023-02-21,BG,mobile,card,Loyal,True,18-25
913,2023-06-06,CY,desktop,bank_transfer,Loyal,True,26-35
914,2023-12-21,IE,desktop,card,Loyal,True,18-25
915,2023-12-31,CY,desktop,crypto,Loyal,True,46+
916,2024-08-19,BG,desktop,crypto,Loyal,True,26-35
917,2023-02-24,HR,mobile,card,Loyal,True,18-25
918,2023-01-03,LV,mobile,ewallet,Loyal,True,36-45
919,2024-09-16,LV,mobile,ewallet,Loyal,True,26-35
920,2024-01-13,HR,mobile,card,Loyal,True,26-35
921,2024-06-18,MT,desktop,ewallet,Loyal,True,36-45
922,2023-06-25,EE,mobile,ewallet,Loyal,True,36-45
923,2023-10-26,IE,desktop,bank_transfer,Loyal,True,26-35
924,2023-05-05,CZ,mobile,bank_transfer,Loyal,True,18-25
925,2023-11-26,HU,mobile,crypto,Loyal,True,26-35
926,2023-04-16,CZ,mobile,card,Loyal,True,46+
927,2024-08-28,SK,desktop,card,Loyal,True,18-25
928,2023-12-27,BG,desktop,card,Loyal,True,36-45
929,2024-01-27,HU,mobile,crypto,Loyal,True,26-35
930,2024-07-16,UA,mobile,bank_transfer,Loyal,True,18-25
931,2023-06-26,BG,mobile,card,Loyal,True,26-35
932,2024-05-29,RO,mobile,card,Loyal,True,36-45
933,2023-07-10,LT,mobile,card,Loyal,True,26-35
934,2023-02-15,LT,mobile,ewallet,Loyal,True,46+
935,2023-07-28,MT,tablet,bank_transfer,Loyal,True,36-45
936,2023-03-31,BG,desktop,ewallet,Loyal,True,36-45
937,2023-04-25,LV,mobile,card,Loyal,True,18-25
938,2023-11-06,DE,desktop,card,Loyal,True,26-35
939,2023-03-07,CY,mobile,bank_transfer,Loyal,True,36-45
940,2023-03-02,HU,mobile,card,Loyal,True,26-35
941,2023-10-24,IE,desktop,bank_transfer,Loyal,True,26-35
942,2023-08-14,DE,mobile,crypto,Loyal,True,36-45
943,2024-09-04,EE,mobile,card,Loyal,True,46+
944,2023-11-15,HR,mobile,card,Loyal,True,46+
945,2023-02-24,UA,mobile,card,Loyal,True,18-25
946,2024-04-04,IE,desktop,card,Loyal,True,46+
947,2024-05-30,BG,mobile,bank_transfer,Loyal,True,26-35
948,2024-08-22,EE,mobile,ewallet,Loyal,True,18-25
949,2023-03-04,EE,mobile,card,Loyal,True,26-35
950,2023-02-24,LT,desktop,ewallet,Loyal,True,36-45
951,2023-05-09,UA,mobile,ewallet,Loyal,True,26-35
952,2024-06-25,PL,mobile,crypto,Loyal,True,26-35
953,2024-03-19,LT,mobile,card,Loyal,True,26-35
954,2023-01-17,BG,mobile,ewallet,Loyal,True,26-35
955,2024-07-31,DE,mobile,ewallet,Loyal,True,18-25
956,2023-11-30,CY,mobile,bank_transfer,Loyal,True,36-45
957,2024-06-14,HU,desktop,ewallet,Loyal,True,26-35
958,2024-05-24,DE,mobile,card,Loyal,True,18-25
959,2023-01-15,UA,mobile,card,Loyal,True,26-35
960,2023-07-30,SK,mobile,bank_transfer,Loyal,True,36-45
961,2024-07-05,BG,mobile,bank_transfer,Loyal,True,26-35
962,2023-07-23,RO,mobile,card,Loyal,True,36-45
963,2023-07-30,CZ,mobile,card,Loyal,True,46+
964,2024-02-19,HU,mobile,ewallet,Loyal,True,18-25
965,2023-08-21,RO,mobile,card,Loyal,True,46+
966,2023-11-21,RO,mobile,crypto,Loyal,True,26-35
967,2023-03-30,MT,desktop,bank_transfer,Loyal,True,18-25
968,2024-07-08,IE,desktop,bank_transfer,Loyal,True,46+
969,2023-12-01,BG,mobile,card,Loyal,True,36-45
970,2023-10-09,SK,tablet,card,Loyal,True,36-45
971,2024-07-06,MT,mobile,card,Loyal,True,36-45
972,2024-08-16,CY,desktop,card,Loyal,True,36-45
973,2023-10-09,BG,desktop,ewallet,Loyal,True,36-45
974,2023-12-01,SK,mobile,card,Loyal,True,26-35
975,2024-04-07,CY,desktop,card,Loyal,True,26-35
976,2023-03-06,PL,mobile,card,Loyal,True,26-35
977,2023-10-06,HU,desktop,card,Loyal,True,46+
978,2024-02-01,UA,desktop,card,Loyal,True,36-45
979,2023-03-12,LV,mobile,bank_transfer,Loyal,True,18-25
980,2023-09-15,HR,desktop,crypto,Loyal,True,36-45
981,2024-04-10,UA,desktop,crypto,Loyal,True,26-35
982,2023-12-27,RO,mobile,bank_transfer,Loyal,True,26-35
983,2023-10-11,CZ,mobile,bank_transfer,Loyal,True,26-35
984,2023-07-26,LT,mobile,card,Loyal,True,26-35
985,2023-03-07,PL,mobile,bank_transfer,Loyal,True,36-45
986,2024-07-16,MT,mobile,ewallet,Loyal,True,36-45
987,2024-06-04,LT,mobile,card,Loyal,True,46+
988,2023-12-24,UA,desktop,crypto,Loyal,True,46+
989,2023-01-20,MT,desktop,bank_transfer,Loyal,True,36-45
990,2023-01-14,UA,mobile,card,Loyal,True,36-45
991,2023-02-28,CZ,desktop,card,Loyal,True,26-35
992,2024-05-22,CZ,tablet,card,Loyal,True,26-35
993,2024-05-22,CY,mobile,bank_transfer,Loyal,True,26-35
994,2023-12-20,UA,desktop,crypto,Loyal,True,46+
995,2023-07-08,EE,mobile,ewallet,Loyal,True,36-45
996,2023-12-28,DE,desktop,bank_transfer,Loyal,True,36-45
997,2023-05-20,CZ,desktop,card,Loyal,True,26-35
998,2024-03-08,DE,desktop,card,Loyal,True,46+
999,2023-12-05,HU,mobile,ewallet,Loyal,True,36-45
1000,2024-01-26,LT,desktop,card,Loyal,True,46+
1001,2024-07-30,PL,desktop,card,Promising,False,36-45
1002,2023-09-22,EE,desktop,bank_transfer,Promising,False,26-35
1003,2023-10-02,CZ,desktop,card,Promising,False,46+
1004,2024-06-02,HU,desktop,crypto,Promising,False,46+
1005,2023-10-13,LV,desktop,bank_transfer,Promising,False,18-25
1006,2024-08-11,SK,mobile,ewallet,Promising,False,26-35
1007,2024-01-26,MT,mobile,card,Promising,False,26-35
1008,2024-07-09,RO,mobile,card,Promising,False,18-25
1009,2023-08-31,DE,mobile,card,Promising,False,18-25
1010,2024-06-20,EE,mobile,card,Promising,False,36-45
1011,2023-07-10,EE,mobile,bank_transfer,Promising,False,18-25
1012,2024-05-24,LV,mobile,ewallet,Promising,False,26-35
1013,2023-12-12,LV,mobile,card,Promising,False,26-35
1014,2024-07-20,PL,mobile,crypto,Promising,False,18-25
1015,2023-06-06,MT,desktop,bank_transfer,Promising,False,26-35
1016,2024-06-29,CY,mobile,card,Promising,False,36-45
1017,2024-08-24,DE,desktop,bank_transfer,Promising,False,26-35
1018,2023-11-15,SK,desktop,bank_transfer,Promising,False,46+
1019,2024-07-22,PL,tablet,ewallet,Promising,False,46+
1020,2023-04-29,EE,mobile,ewallet,Promising,False,26-35
1021,2023-04-26,UA,mobile,card,Promising,False,26-35
1022,2024-05-02,IE,mobile,card,Promising,False,36-45
1023,2023-09-28,SK,desktop,card,Promising,False,36-45
1024,2023-06-14,EE,desktop,card,Promising,False,36-45
1025,2023-09-13,LT,desktop,card,Promising,False,26-35
1026,2024-08-08,IE,desktop,card,Promising,False,36-45
1027,2023-02-08,BG,desktop,card,Promising,False,18-25
1028,2023-07-29,BG,tablet,ewallet,Promising,False,46+
1029,2023-07-19,LV,mobile,card,Promising,False,18-25
1030,2024-08-31,CZ,mobile,card,Promising,False,46+
1031,2024-05-09,PL,mobile,card,Promising,False,18-25
1032,2023-01-03,EE,mobile,bank_transfer,Promising,False,26-35
1033,2023-11-28,LV,desktop,bank_transfer,Promising,False,36-45
1034,2024-01-29,CY,mobile,card,Promising,False,26-35
1035,2023-07-02,LT,desktop,card,Promising,False,26-35
1036,2024-09-09,CZ,desktop,bank_transfer,Promising,False,26-35
1037,2024-05-11,PL,desktop,bank_transfer,Promising,False,18-25
1038,2024-07-20,LV,mobile,crypto,Promising,False,26-35
1039,2024-05-10,MT,desktop,card,Promising,False,36-45
1040,2023-09-24,SK,mobile,ewallet,Promising,False,26-35
1041,2024-02-17,CY,mobile,ewallet,Promising,False,18-25
1042,2023-06-27,LT,mobile,ewallet,Promising,False,26-35
1043,2023-06-01,EE,mobile,ewallet,Promising,False,26-35
1044,2023-09-07,MT,mobile,card,Promising,False,18-25
1045,2024-05-02,PL,mobile,card,Promising,False,26-35
1046,2023-07-23,MT,desktop,card,Promising,False,18-25
1047,2024-08-08,EE,desktop,bank_transfer,Promising,False,26-35
1048,2024-08-04,MT,mobile,card,Promising,False,18-25
1049,2024-09-12,UA,desktop,card,Promising,False,36-45
1050,2023-09-01,RO,mobile,card,Promising,False,36-45
1051,2024-05-16,HR,mobile,bank_transfer,Promising,False,26-35
1052,2024-07-16,BG,mobile,ewallet,Promising,False,18-25
1053,2024-09-26,LT,mobile,card,Promising,False,18-25
1054,2023-09-30,RO,mobile,crypto,Promising,False,36-45
1055,2023-08-13,PL,mobile,bank_transfer,Promising,False,18-25
1056,2023-09-02,HR,mobile,ewallet,Promising,False,26-35
1057,2023-07-01,LT,mobile,card,Promising,False,26-35
1058,2023-07-11,RO,desktop,card,Promising,False,26-35
1059,2024-09-23,UA,mobile,card,Promising,False,26-35
1060,2024-03-13,CY,desktop,card,Promising,False,36-45
1061,2024-04-03,BG,desktop,crypto,Promising,False,36-45
1062,2024-07-09,CY,desktop,ewallet,Promising,False,36-45
1063,2023-09-20,HU,tablet,bank_transfer,Promising,False,36-45
1064,2024-05-28,PL,mobile,ewallet,Promising,False,26-35
1065,2024-04-07,BG,desktop,crypto,Promising,False,26-35
1066,2024-06-08,RO,desktop,ewallet,Promising,False,46+
1067,2023-05-16,LT,desktop,bank_transfer,Promising,False,18-25
1068,2024-08-03,IE,tablet,card,Promising,False,36-45
1069,2024-09-05,CY,mobile,card,Promising,False,18-25
1070,2024-05-24,HU,desktop,bank_transfer,Promising,False,18-25
1071,2023-03-13,LV,mobile,ewallet,Promising,False,26-35
1072,2024-04-03,DE,mobile,card,Promising,False,26-35
1073,2024-04-29,BG,desktop,bank_transfer,Promising,False,26-35
1074,2023-10-16,DE,mobile,card,Promising,False,46+
1075,2023-06-01,LV,tablet,card,Promising,False,18-25
1076,2023-04-16,HR,mobile,card,Promising,False,36-45
1077,2024-06-17,LT,mobile,bank_transfer,Promising,False,36-45
1078,2023-11-25,SK,tablet,crypto,Promising,False,36-45
1079,2024-02-28,EE,desktop,bank_transfer,Promising,False,36-45
1080,2024-06-07,MT,mobile,ewallet,Promising,False,46+
1081,2024-02-27,IE,desktop,crypto,Promising,False,26-35
1082,2023-02-24,HR,mobile,crypto,Promising,False,46+
1083,2023-12-04,MT,mobile,bank_transfer,Promising,False,26-35
1084,2023-03-23,HU,mobile,card,Promising,False,18-25
1085,2023-03-06,HU,desktop,bank_transfer,Promising,False,36-45
1086,2023-12-26,BG,mobile,card,Promising,False,18-25
1087,2023-06-24,CY,mobile,card,Promising,False,18-25
1088,2023-05-13,LV,mobile,bank_transfer,Promising,False,36-45
1089,2024-01-30,EE,desktop,bank_transfer,Promising,False,18-25
1090,2024-08-21,SK,desktop,card,Promising,False,26-35
1091,2023-07-18,RO,mobile,card,Promising,False,36-45
1092,2023-09-07,CY,desktop,ewallet,Promising,False,36-45
1093,2023-03-10,CZ,mobile,ewallet,Promising,False,26-35
1094,2023-12-11,CY,mobile,card,Promising,False,46+
1095,2024-02-11,IE,mobile,bank_transfer,Promising,False,26-35
1096,2024-02-04,PL,mobile,card,Promising,False,26-35
1097,2024-03-31,SK,mobile,ewallet,Promising,False,26-35
1098,2024-03-14,IE,desktop,bank_transfer,Promising,False,36-45
1099,2023-02-15,HU,tablet,bank_transfer,Promising,False,36-45
1100,2024-01-25,CZ,desktop,card,Promising,False,26-35
1101,2023-12-05,MT,mobile,card,Promising,False,26-35
1102,2023-09-29,HU,desktop,card,Promising,False,36-45
1103,2023-04-03,EE,desktop,card,Promising,False,26-35
1104,2023-10-08,EE,mobile,bank_transfer,Promising,False,26-35
1105,2023-05-22,LT,mobile,bank_transfer,Promising,False,26-35
1106,2024-08-30,BG,desktop,bank_transfer,Promising,False,26-35
1107,2024-06-23,RO,mobile,card,Promising,False,46+
1108,2023-05-11,UA,mobile,card,Promising,False,46+
1109,2023-04-02,HU,mobile,ewallet,Promising,False,46+
1110,2023-01-13,CY,desktop,bank_transfer,Promising,False,46+
1111,2023-05-26,RO,tablet,ewallet,Promising,False,46+
1112,2023-01-26,DE,mobile,card,Promising,False,36-45
1113,2023-11-06,HU,mobile,crypto,Promising,False,36-45
1114,2023-11-27,CZ,mobile,card,Promising,False,18-25
1115,2023-12-16,RO,mobile,ewallet,Promising,False,36-45
1116,2023-05-04,MT,mobile,card,Promising,False,36-45
1117,2023-03-03,SK,desktop,bank_transfer,Promising,False,36-45
1118,2024-06-04,RO,mobile,bank_transfer,Promising,False,46+
1119,2023-07-01,SK,mobile,card,Promising,False,26-35
1120,2023-09-05,IE,mobile,bank_transfer,Promising,False,26-35
1121,2023-11-10,EE,desktop,card,Promising,False,46+
1122,2023-05-20,LV,mobile,bank_transfer,Promising,False,26-35
1123,2024-04-23,IE,mobile,crypto,Promising,False,26-35
1124,2024-06-14,SK,desktop,bank_transfer,Promising,False,18-25
1125,2024-01-24,HR,mobile,card,Promising,False,36-45
1126,2023-11-15,UA,mobile,card,Promising,False,18-25
1127,2024-08-16,HR,mobile,bank_transfer,Promising,False,18-25
1128,2023-04-29,CZ,desktop,card,Promising,False,18-25
1129,2024-07-08,PL,mobile,card,Promising,False,46+
1130,2024-07-14,CZ,tablet,ewallet,Promising,False,18-25
1131,2023-01-30,LV,tablet,crypto,Promising,False,18-25
1132,2024-01-15,BG,mobile,card,Promising,False,18-25
1133,2023-03-24,HU,mobile,card,Promising,False,18-25
1134,2024-03-20,HR,mobile,card,Promising,False,26-35
1135,2023-02-14,MT,tablet,card,Promising,False,26-35
1136,2023-04-02,CZ,mobile,card,Promising,False,18-25
1137,2024-08-05,LV,mobile,bank_transfer,Promising,False,36-45
1138,2023-02-05,HU,mobile,card,Promising,False,26-35
1139,2023-05-15,LT,mobile,card,Promising,False,26-35
1140,2023-05-30,LV,mobile,crypto,Promising,False,46+
1141,2024-07-18,HU,mobile,card,Promising,False,26-35
1142,2024-09-18,HU,mobile,card,Promising,False,18-25
1143,2024-06-25,MT,mobile,card,Promising,False,36-45
1144,2023-10-18,UA,mobile,ewallet,Promising,False,26-35
1145,2023-07-12,PL,mobile,bank_transfer,Promising,False,18-25
1146,2023-12-11,SK,mobile,bank_transfer,Promising,False,26-35
1147,2024-09-29,CZ,desktop,card,Promising,False,26-35
1148,2023-04-21,BG,mobile,card,Promising,False,26-35
1149,2024-09-08,LV,desktop,card,Promising,False,18-25
1150,2023-02-26,CZ,mobile,crypto,Promising,False,36-45
1151,2023-06-12,SK,desktop,bank_transfer,Promising,False,26-35
1152,2024-08-29,LT,desktop,bank_transfer,Promising,False,26-35
1153,2024-05-09,EE,mobile,card,Promising,False,26-35
1154,2024-02-14,RO,mobile,ewallet,Promising,False,26-35
1155,2023-01-27,HU,mobile,ewallet,Promising,False,18-25
1156,2024-06-09,HR,desktop,bank_transfer,Promising,False,26-35
1157,2024-02-27,HR,mobile,card,Promising,False,36-45
1158,2023-06-04,RO,tablet,bank_transfer,Promising,False,26-35
1159,2023-11-11,BG,desktop,ewallet,Promising,False,26-35
1160,2023-10-15,LV,tablet,card,Promising,False,36-45
1161,2023-11-07,HR,desktop,card,Promising,False,26-35
1162,2024-09-10,RO,mobile,ewallet,Promising,False,26-35
1163,2024-04-16,RO,desktop,card,Promising,False,26-35
1164,2024-03-20,LV,desktop,card,Promising,False,18-25
1165,2023-03-04,HU,mobile,bank_transfer,Promising,False,26-35
1166,2023-01-19,SK,mobile,bank_transfer,Promising,False,26-35
1167,2023-08-03,SK,desktop,card,Promising,False,26-35
1168,2023-06-25,SK,desktop,bank_transfer,Promising,False,36-45
1169,2023-04-08,CZ,mobile,card,Promising,False,36-45
1170,2023-02-16,PL,desktop,card,Promising,False,18-25
1171,2023-05-09,LV,desktop,bank_transfer,Promising,False,36-45
1172,2023-07-26,CZ,desktop,card,Promising,False,36-45
1173,2023-10-09,RO,mobile,crypto,Promising,False,18-25
1174,2023-12-25,PL,desktop,ewallet,Promising,False,46+
1175,2023-11-10,LV,mobile,ewallet,Promising,False,36-45
1176,2023-11-28,HR,mobile,ewallet,Promising,False,26-35
1177,2024-07-09,MT,desktop,card,Promising,False,26-35
1178,2024-01-13,LV,tablet,ewallet,Promising,False,46+
1179,2023-09-16,DE,tablet,card,Promising,False,26-35
1180,2023-09-04,CZ,mobile,ewallet,Promising,False,46+
1181,2024-02-13,CZ,desktop,card,Promising,False,26-35
1182,2024-04-12,LV,mobile,card,Promising,False,26-35
1183,2023-02-20,HU,desktop,ewallet,Promising,False,26-35
1184,2024-07-01,SK,mobile,card,Promising,False,26-35
1185,2023-11-24,LV,mobile,card,Promising,False,36-45
1186,2023-10-31,EE,mobile,card,Promising,False,26-35
1187,2023-11-11,MT,mobile,bank_transfer,Promising,False,26-35
1188,2023-12-11,HR,mobile,crypto,Promising,False,18-25
1189,2024-03-10,EE,mobile,bank_transfer,Promising,False,26-35
1190,2023-10-16,SK,desktop,card,Promising,False,36-45
1191,2023-01-21,PL,mobile,card,Promising,False,26-35
1192,2023-06-09,CY,mobile,crypto,Promising,False,36-45
1193,2023-07-12,CZ,mobile,ewallet,Promising,False,26-35
1194,2024-09-29,SK,desktop,crypto,Promising,False,36-45
1195,2024-03-10,CZ,desktop,card,Promising,False,36-45
1196,2024-07-29,RO,mobile,crypto,Promising,False,36-45
1197,2024-02-22,DE,mobile,card,Promising,False,26-35
1198,2023-03-08,SK,mobile,ewallet,Promising,False,26-35
1199,2024-01-24,UA,mobile,bank_transfer,Promising,False,18-25
1200,2024-06-18,LV,desktop,card,Promising,False,18-25
1201,2024-03-12,HR,desktop,card,Promising,False,36-45
1202,2023-05-12,DE,desktop,ewallet,Promising,False,18-25
1203,2024-03-11,SK,mobile,card,Promising,False,36-45
1204,2023-02-09,UA,mobile,card,Promising,False,18-25
1205,2023-12-25,UA,mobile,bank_transfer,Promising,False,18-25
1206,2023-12-30,HR,tablet,bank_transfer,Promising,False,18-25
1207,2023-07-16,SK,mobile,card,Promising,False,18-25
1208,2023-01-10,LV,desktop,bank_transfer,Promising,False,18-25
1209,2024-09-08,DE,mobile,crypto,Promising,False,18-25
1210,2023-12-23,LT,desktop,ewallet,Promising,False,18-25
1211,2023-12-24,CY,mobile,ewallet,Promising,False,26-35
1212,2023-04-20,MT,desktop,ewallet,Promising,False,36-45
1213,2023-03-28,HU,mobile,ewallet,Promising,False,26-35
1214,2023-11-01,PL,desktop,card,Promising,False,18-25
1215,2024-01-21,CY,mobile,card,Promising,False,18-25
1216,2024-05-27,UA,mobile,ewallet,Promising,False,18-25
1217,2024-06-23,EE,mobile,crypto,Promising,False,26-35
1218,2023-01-20,SK,tablet,ewallet,Promising,False,26-35
1219,2023-11-23,HU,desktop,bank_transfer,Promising,False,26-35
1220,2024-06-06,HU,desktop,ewallet,Promising,False,36-45
1221,2023-11-21,HU,mobile,ewallet,Promising,False,46+
1222,2024-09-30,RO,mobile,card,Promising,False,26-35
1223,2024-08-24,DE,mobile,ewallet,Promising,False,18-25
1224,2024-07-02,UA,mobile,bank_transfer,Promising,False,18-25
1225,2023-01-27,SK,mobile,crypto,Promising,False,18-25
1226,2024-07-27,CY,tablet,bank_transfer,Promising,False,18-25
1227,2023-06-15,HU,mobile,bank_transfer,Promising,False,36-45
1228,2023-02-11,PL,mobile,card,Promising,False,26-35
1229,2024-09-30,CY,desktop,bank_transfer,Promising,False,36-45
1230,2023-12-08,PL,tablet,card,Promising,False,18-25
1231,2023-05-10,BG,desktop,card,Promising,False,46+
1232,2023-03-22,HU,desktop,bank_transfer,Promising,False,36-45
1233,2023-05-29,PL,desktop,card,Promising,False,36-45
1234,2023-06-15,EE,tablet,ewallet,Promising,False,46+
1235,2024-04-28,LT,desktop,bank_transfer,Promising,False,36-45
1236,2023-09-12,LT,mobile,card,Promising,False,26-35
1237,2023-07-26,UA,desktop,ewallet,Promising,False,46+
1238,2023-02-07,DE,mobile,crypto,Promising,False,18-25
1239,2024-07-14,DE,desktop,card,Promising,False,18-25
1240,2023-10-31,MT,mobile,bank_transfer,Promising,False,36-45
1241,2024-07-26,EE,mobile,bank_transfer,Promising,False,26-35
1242,2023-03-23,SK,desktop,crypto,Promising,False,36-45
1243,2023-10-18,PL,mobile,ewallet,Promising,False,18-25
1244,2024-07-15,CZ,mobile,bank_transfer,Promising,False,18-25
1245,2023-11-12,PL,desktop,crypto,Promising,False,26-35
1246,2024-07-25,HR,mobile,ewallet,Promising,False,26-35
1247,2024-04-28,MT,desktop,crypto,Promising,False,36-45
1248,2023-12-13,BG,mobile,bank_transfer,Promising,False,26-35
1249,2023-10-09,EE,mobile,card,Promising,False,18-25
1250,2023-04-04,EE,mobile,card,Promising,False,26-35
1251,2023-05-15,MT,desktop,card,Promising,False,46+
1252,2023-04-19,EE,mobile,bank_transfer,Promising,False,26-35
1253,2023-07-11,CZ,mobile,ewallet,Promising,False,46+
1254,2023-05-25,MT,mobile,card,Promising,False,36-45
1255,2023-04-05,HR,mobile,ewallet,Promising,False,26-35
1256,2024-01-08,BG,desktop,card,Promising,False,26-35
1257,2024-01-27,HU,desktop,card,Promising,False,36-45
1258,2023-04-26,IE,desktop,ewallet,Promising,False,18-25
1259,2024-01-18,HU,mobile,bank_transfer,Promising,False,46+
1260,2023-06-24,SK,mobile,ewallet,Promising,False,18-25
1261,2023-11-12,CY,mobile,ewallet,Promising,False,18-25
1262,2023-08-26,EE,mobile,ewallet,Promising,False,26-35
1263,2024-08-23,BG,mobile,bank_transfer,Promising,False,26-35
1264,2023-01-09,SK,mobile,bank_transfer,Promising,False,26-35
1265,2023-08-15,EE,mobile,card,Promising,False,18-25
1266,2024-01-15,EE,mobile,card,Promising,False,26-35
1267,2024-05-29,UA,desktop,card,Promising,False,26-35
1268,2024-07-31,EE,desktop,ewallet,Promising,False,26-35
1269,2023-07-18,LV,mobile,card,Promising,False,26-35
1270,2023-07-09,PL,desktop,crypto,Promising,False,18-25
1271,2024-08-01,MT,mobile,bank_transfer,Promising,False,26-35
1272,2023-10-21,CZ,mobile,ewallet,Promising,False,46+
1273,2024-01-22,LT,desktop,bank_transfer,Promising,False,26-35
1274,2024-02-23,CZ,mobile,bank_transfer,Promising,False,18-25
1275,2024-03-26,SK,mobile,card,Promising,False,26-35
1276,2024-06-11,LT,tablet,card,Promising,False,18-25
1277,2024-01-15,PL,desktop,crypto,Promising,False,26-35
1278,2023-04-16,DE,desktop,card,Promising,False,36-45
1279,2023-02-18,CZ,mobile,bank_transfer,Promising,False,26-35
1280,2023-01-26,DE,mobile,ewallet,Promising,False,46+
1281,2023-10-14,HR,desktop,ewallet,Promising,False,26-35
1282,2023-10-21,PL,desktop,card,Promising,False,36-45
1283,2023-04-25,DE,mobile,bank_transfer,Promising,False,26-35
1284,2023-03-13,UA,desktop,crypto,Promising,False,18-25
1285,2023-01-04,BG,mobile,bank_transfer,Promising,False,26-35
1286,2023-06-23,HU,desktop,ewallet,Promising,False,18-25
1287,2024-03-06,LV,desktop,bank_transfer,Promising,False,18-25
1288,2023-10-19,EE,mobile,card,Promising,False,18-25
1289,2023-09-04,HU,mobile,bank_transfer,Promising,False,26-35
1290,2024-04-29,SK,desktop,card,Promising,False,18-25
1291,2023-05-27,UA,mobile,card,Promising,False,36-45
1292,2023-07-12,CZ,mobile,card,Promising,False,26-35
1293,2024-09-05,SK,desktop,ewallet,Promising,False,26-35
1294,2024-05-09,LV,desktop,bank_transfer,Promising,False,26-35
1295,2024-09-28,SK,desktop,card,Promising,False,36-45
1296,2023-12-19,LV,mobile,bank_transfer,Promising,False,18-25
1297,2023-01-14,CY,desktop,card,Promising,False,26-35
1298,2024-03-02,HU,mobile,card,Promising,False,46+
1299,2024-03-13,PL,mobile,card,Promising,False,46+
1300,2023-11-12,LT,mobile,ewallet,Promising,False,26-35
1301,2023-05-21,CZ,desktop,card,Promising,False,36-45
1302,2023-02-15,IE,mobile,ewallet,Promising,False,36-45
1303,2023-11-28,SK,mobile,ewallet,Promising,False,46+
1304,2024-04-08,MT,mobile,card,Promising,False,36-45
1305,2023-03-05,MT,desktop,ewallet,Promising,False,18-25
1306,2023-04-13,LT,desktop,bank_transfer,Promising,False,26-35
1307,2023-02-25,EE,mobile,card,Promising,False,36-45
1308,2024-07-14,LT,mobile,ewallet,Promising,False,18-25
1309,2024-06-17,MT,mobile,bank_transfer,Promising,False,36-45
1310,2023-11-10,IE,desktop,crypto,Promising,False,36-45
1311,2023-12-13,CZ,mobile,crypto,Promising,False,36-45
1312,2024-05-07,BG,desktop,card,Promising,False,26-35
1313,2024-09-13,PL,mobile,card,Promising,False,46+
1314,2024-04-12,HR,mobile,card,Promising,False,26-35
1315,2023-01-09,CZ,desktop,crypto,Promising,False,46+
1316,2023-09-12,LT,desktop,bank_transfer,Promising,False,26-35
1317,2024-08-23,DE,mobile,card,Promising,False,46+
1318,2024-07-02,IE,desktop,card,Promising,False,36-45
1319,2024-04-06,SK,mobile,card,Promising,False,18-25
1320,2023-10-26,CY,mobile,card,Promising,False,26-35
1321,2023-07-01,DE,tablet,bank_transfer,Promising,False,46+
1322,2023-05-18,PL,mobile,bank_transfer,Promising,False,36-45
1323,2024-07-10,UA,mobile,card,Promising,False,26-35
1324,2023-07-31,DE,mobile,card,Promising,False,26-35
1325,2024-03-26,MT,mobile,card,Promising,False,36-45
1326,2024-02-20,SK,mobile,card,Promising,False,18-25
1327,2023-03-21,EE,mobile,card,Promising,False,26-35
1328,2023-01-01,LV,tablet,crypto,Promising,False,18-25
1329,2024-04-25,CY,mobile,ewallet,Promising,False,36-45
1330,2023-07-18,EE,mobile,card,Promising,False,26-35
1331,2024-05-21,IE,desktop,card,Promising,False,26-35
1332,2024-07-10,SK,mobile,bank_transfer,Promising,False,46+
1333,2023-09-18,HU,mobile,bank_transfer,Promising,False,26-35
1334,2023-10-19,PL,desktop,card,Promising,False,46+
1335,2024-03-19,HU,mobile,card,Promising,False,18-25
1336,2023-06-25,LV,mobile,bank_transfer,Promising,False,18-25
1337,2023-01-25,SK,mobile,card,Promising,False,46+
1338,2023-03-13,LV,tablet,card,Promising,False,36-45
1339,2023-08-06,BG,tablet,card,Promising,False,26-35
1340,2024-04-16,SK,mobile,ewallet,Promising,False,36-45
1341,2023-01-04,HR,mobile,ewallet,Promising,False,46+
1342,2023-10-29,HR,mobile,bank_transfer,Promising,False,26-35
1343,2023-04-18,HU,mobile,ewallet,Promising,False,46+
1344,2023-11-03,HU,mobile,card,Promising,False,26-35
1345,2023-06-15,PL,mobile,card,Promising,False,26-35
1346,2023-03-27,EE,mobile,card,Promising,False,36-45
1347,2023-10-23,UA,desktop,crypto,Promising,False,26-35
1348,2023-06-07,IE,mobile,card,Promising,False,26-35
1349,2023-02-07,BG,mobile,card,Promising,False,26-35
1350,2023-11-21,LV,mobile,bank_transfer,Promising,False,18-25
1351,2024-05-06,RO,desktop,card,Promising,False,36-45
1352,2023-08-04,EE,mobile,card,Promising,False,46+
1353,2023-03-21,SK,mobile,crypto,Promising,False,36-45
1354,2023-08-08,UA,desktop,card,Promising,False,18-25
1355,2023-07-07,PL,mobile,card,Promising,False,36-45
1356,2024-02-13,CZ,mobile,card,Promising,False,18-25
1357,2023-12-03,LT,desktop,ewallet,Promising,False,18-25
1358,2023-10-11,CY,mobile,bank_transfer,Promising,False,26-35
1359,2023-05-05,CY,desktop,bank_transfer,Promising,False,26-35
1360,2023-11-05,EE,tablet,card,Promising,False,46+
1361,2023-07-26,EE,mobile,crypto,Promising,False,26-35
1362,2023-11-18,UA,mobile,card,Promising,False,36-45
1363,2023-02-24,MT,mobile,ewallet,Promising,False,36-45
1364,2023-12-31,LT,mobile,card,Promising,False,26-35
1365,2024-08-30,CY,mobile,card,Promising,False,18-25
1366,2023-01-04,SK,mobile,bank_transfer,Promising,False,26-35
1367,2024-02-22,EE,desktop,bank_transfer,Promising,False,46+
1368,2024-09-30,UA,desktop,card,Promising,False,36-45
1369,2023-08-13,MT,desktop,bank_transfer,Promising,False,18-25
1370,2023-03-29,MT,mobile,crypto,Promising,False,26-35
1371,2023-05-30,DE,mobile,bank_transfer,Promising,False,36-45
1372,2023-04-27,HU,desktop,card,Promising,False,18-25
1373,2023-10-04,HR,mobile,ewallet,Promising,False,36-45
1374,2023-01-30,LT,mobile,bank_transfer,Promising,False,26-35
1375,2023-09-17,HU,mobile,bank_transfer,Promising,False,26-35
1376,2024-01-06,IE,tablet,card,Promising,False,18-25
1377,2023-05-22,SK,mobile,bank_transfer,Promising,False,26-35
1378,2023-06-01,DE,desktop,card,Promising,False,36-45
1379,2023-08-29,EE,mobile,card,Promising,False,18-25
1380,2024-03-26,BG,mobile,ewallet,Promising,False,46+
1381,2023-04-29,LT,mobile,bank_transfer,Promising,False,36-45
1382,2024-01-15,CY,mobile,ewallet,Promising,False,18-25
1383,2023-09-15,HU,mobile,card,Promising,False,46+
1384,2023-01-07,PL,mobile,card,Promising,False,26-35
1385,2023-06-24,HU,mobile,card,Promising,False,36-45
1386,2023-09-10,RO,mobile,ewallet,Promising,False,18-25
1387,2023-08-26,BG,desktop,card,Promising,False,18-25
1388,2024-04-13,RO,tablet,bank_transfer,Promising,False,36-45
1389,2024-01-28,RO,mobile,bank_transfer,Promising,False,46+
1390,2023-01-15,LT,mobile,ewallet,Promising,False,36-45
1391,2024-08-05,PL,mobile,card,Promising,False,26-35
1392,2023-03-15,CY,desktop,card,Promising,False,26-35
1393,2023-11-30,DE,desktop,bank_transfer,Promising,False,26-35
1394,2024-03-21,RO,mobile,bank_transfer,Promising,False,26-35
1395,2024-07-22,BG,mobile,bank_transfer,Promising,False,36-45
1396,2023-08-21,LV,mobile,ewallet,Promising,False,36-45
1397,2024-06-15,HU,desktop,card,Promising,False,46+
1398,2023-03-11,SK,mobile,card,Promising,False,26-35
1399,2023-12-01,LT,desktop,bank_transfer,Promising,False,26-35
1400,2023-06-21,BG,mobile,ewallet,Promising,False,36-45
1401,2024-03-31,CY,mobile,card,Promising,False,46+
1402,2023-11-16,MT,desktop,bank_transfer,Promising,False,46+
1403,2023-11-25,HR,desktop,card,Promising,False,18-25
1404,2023-03-19,UA,mobile,card,Promising,False,46+
1405,2024-07-12,HU,desktop,ewallet,Promising,False,36-45
1406,2023-07-27,PL,desktop,card,Promising,False,26-35
1407,2024-02-26,RO,mobile,ewallet,Promising,False,26-35
1408,2023-04-14,SK,mobile,card,Promising,False,26-35
1409,2023-07-25,RO,mobile,ewallet,Promising,False,36-45
1410,2024-04-03,PL,desktop,card,Promising,False,36-45
1411,2024-02-18,MT,mobile,ewallet,Promising,False,36-45
1412,2023-04-09,BG,mobile,ewallet,Promising,False,18-25
1413,2023-06-06,CY,tablet,bank_transfer,Promising,False,36-45
1414,2024-01-16,HR,desktop,ewallet,Promising,False,36-45
1415,2024-02-25,CY,mobile,ewallet,Promising,False,26-35
1416,2024-03-18,UA,tablet,card,Promising,False,26-35
1417,2023-10-04,LT,mobile,card,Promising,False,36-45
1418,2024-07-03,CY,mobile,card,Promising,False,26-35
1419,2024-01-01,HR,mobile,card,Promising,False,26-35
1420,2023-06-05,HU,mobile,card,Promising,False,36-45
1421,2024-01-02,BG,mobile,card,Promising,False,46+
1422,2024-02-06,UA,desktop,card,Promising,False,26-35
1423,2023-11-25,CZ,desktop,crypto,Promising,False,46+
1424,2023-05-14,HR,mobile,card,Promising,False,18-25
1425,2023-06-06,RO,mobile,bank_transfer,Promising,False,18-25
1426,2023-07-16,EE,desktop,card,Promising,False,18-25
1427,2023-08-08,MT,desktop,card,Promising,False,26-35
1428,2024-07-01,HU,mobile,card,Promising,False,26-35
1429,2024-09-29,LT,desktop,card,Promising,False,36-45
1430,2023-08-15,HU,desktop,card,Promising,False,18-25
1431,2024-02-23,MT,desktop,bank_transfer,Promising,False,36-45
1432,2023-10-09,UA,mobile,card,Promising,False,26-35
1433,2023-02-19,CZ,desktop,card,Promising,False,26-35
1434,2023-05-11,SK,mobile,bank_transfer,Promising,False,36-45
1435,2024-09-05,HR,desktop,ewallet,Promising,False,46+
1436,2023-10-07,DE,desktop,bank_transfer,Promising,False,36-45
1437,2024-05-19,IE,mobile,bank_transfer,Promising,False,18-25
1438,2023-10-06,SK,mobile,ewallet,Promising,False,18-25
1439,2024-05-15,HU,desktop,card,Promising,False,46+
1440,2023-12-02,IE,mobile,ewallet,Promising,False,36-45
1441,2023-03-24,LV,mobile,card,Promising,False,26-35
1442,2023-06-04,HU,mobile,crypto,Promising,False,26-35
1443,2024-06-02,PL,mobile,crypto,Promising,False,26-35
1444,2024-06-15,UA,mobile,bank_transfer,Promising,False,18-25
1445,2023-12-12,LT,mobile,bank_transfer,Promising,False,26-35
1446,2024-06-06,EE,desktop,card,Promising,False,18-25
1447,2024-04-08,MT,mobile,card,Promising,False,46+
1448,2023-04-14,CZ,mobile,bank_transfer,Promising,False,26-35
1449,2023-09-05,LV,mobile,card,Promising,False,26-35
1450,2023-06-26,DE,mobile,bank_transfer,Promising,False,46+
1451,2024-01-28,SK,mobile,card,Promising,False,26-35
1452,2023-05-23,HR,desktop,card,Promising,False,26-35
1453,2023-10-05,UA,mobile,crypto,Promising,False,26-35
1454,2023-09-24,HR,desktop,card,Promising,False,46+
1455,2024-06-15,BG,mobile,ewallet,Promising,False,26-35
1456,2023-07-05,PL,mobile,crypto,Promising,False,26-35
1457,2023-01-10,CZ,desktop,ewallet,Promising,False,46+
1458,2024-03-17,CY,desktop,card,Promising,False,18-25
1459,2024-07-15,IE,desktop,bank_transfer,Promising,False,18-25
1460,2024-01-29,PL,mobile,bank_transfer,Promising,False,36-45
1461,2023-08-12,HU,desktop,ewallet,Promising,False,46+
1462,2023-04-20,PL,mobile,crypto,Promising,False,36-45
1463,2024-06-04,LT,mobile,bank_transfer,Promising,False,36-45
1464,2024-05-05,CY,mobile,card,Promising,False,26-35
1465,2024-05-25,DE,mobile,card,Promising,False,18-25
1466,2023-12-20,HU,desktop,crypto,Promising,False,26-35
1467,2024-08-18,IE,mobile,bank_transfer,Promising,False,46+
1468,2023-04-23,LV,mobile,card,Promising,False,18-25
1469,2024-07-02,SK,desktop,bank_transfer,Promising,False,26-35
1470,2023-05-26,HR,mobile,crypto,Promising,False,26-35
1471,2023-07-26,LV,desktop,bank_transfer,Promising,False,46+
1472,2024-06-18,SK,mobile,bank_transfer,Promising,False,18-25
1473,2024-09-20,BG,mobile,card,Promising,False,18-25
1474,2023-10-31,CY,mobile,bank_transfer,Promising,False,26-35
1475,2023-02-19,HU,tablet,crypto,Promising,False,18-25
1476,2023-07-13,HU,mobile,bank_transfer,Promising,False,36-45
1477,2023-11-17,CZ,desktop,card,Promising,False,26-35
1478,2023-08-23,HU,desktop,bank_transfer,Promising,False,36-45
1479,2024-08-26,HR,mobile,card,Promising,False,18-25
1480,2023-01-30,DE,mobile,bank_transfer,Promising,False,26-35
1481,2023-10-13,BG,mobile,card,Promising,False,36-45
1482,2024-02-26,CZ,mobile,ewallet,Promising,False,18-25
1483,2024-04-11,IE,desktop,bank_transfer,Promising,False,36-45
1484,2023-12-06,EE,desktop,card,Promising,False,36-45
1485,2023-03-18,HR,tablet,card,Promising,False,26-35
1486,2024-07-17,LV,desktop,bank_transfer,Promising,False,26-35
1487,2024-03-19,IE,mobile,bank_transfer,Promising,False,18-25
1488,2023-04-21,DE,mobile,card,Promising,False,46+
1489,2023-04-10,CY,mobile,bank_transfer,Promising,False,26-35
1490,2023-02-16,PL,tablet,crypto,Promising,False,26-35
1491,2024-01-05,SK,mobile,card,Promising,False,26-35
1492,2023-10-15,MT,mobile,card,Promising,False,26-35
1493,2024-07-13,MT,mobile,bank_transfer,Promising,False,26-35
1494,2023-03-05,CY,mobile,card,Promising,False,18-25
1495,2023-02-28,BG,desktop,crypto,Promising,False,26-35
1496,2023-05-31,RO,mobile,ewallet,Promising,False,36-45
1497,2024-04-10,IE,mobile,card,Promising,False,26-35
1498,2023-04-28,MT,mobile,card,Promising,False,26-35
1499,2024-07-31,HR,mobile,bank_transfer,Promising,False,26-35
1500,2023-06-17,SK,mobile,card,Promising,False,36-45
1501,2023-03-01,CY,mobile,card,Promising,False,36-45
1502,2023-11-03,UA,desktop,ewallet,Promising,False,36-45
1503,2023-08-14,SK,mobile,card,Promising,False,36-45
1504,2023-09-28,LV,desktop,card,Promising,False,46+
1505,2024-06-18,SK,mobile,card,Promising,False,46+
1506,2023-08-24,CY,desktop,bank_transfer,Promising,False,46+
1507,2024-02-25,EE,desktop,ewallet,Promising,False,26-35
1508,2024-07-14,EE,desktop,bank_transfer,Promising,False,36-45
1509,2024-04-20,LT,desktop,crypto,Promising,False,26-35
1510,2023-04-24,HU,tablet,card,Promising,False,18-25
1511,2024-05-16,CY,desktop,bank_transfer,Promising,False,26-35
1512,2023-03-13,DE,desktop,card,Promising,False,26-35
1513,2023-12-13,HU,desktop,ewallet,Promising,False,26-35
1514,2024-07-06,HR,tablet,card,Promising,False,26-35
1515,2024-06-17,HU,desktop,bank_transfer,Promising,False,36-45
1516,2023-03-01,RO,mobile,card,Promising,False,36-45
1517,2023-01-25,RO,mobile,card,Promising,False,26-35
1518,2024-10-01,HR,mobile,card,Promising,False,26-35
1519,2023-07-02,MT,mobile,card,Promising,False,18-25
1520,2024-02-13,HR,desktop,card,Promising,False,26-35
1521,2023-11-13,BG,desktop,ewallet,Promising,False,18-25
1522,2023-02-25,HU,mobile,card,Promising,False,36-45
1523,2023-06-11,IE,mobile,card,Promising,False,36-45
1524,2024-08-12,RO,desktop,card,Promising,False,18-25
1525,2023-09-16,CY,desktop,bank_transfer,Promising,False,36-45
1526,2023-08-17,CZ,desktop,card,Promising,False,26-35
1527,2024-03-22,LV,desktop,bank_transfer,Promising,False,26-35
1528,2023-01-28,CZ,mobile,ewallet,Promising,False,36-45
1529,2023-03-23,EE,mobile,crypto,Promising,False,36-45
1530,2024-03-02,BG,desktop,bank_transfer,Promising,False,46+
1531,2023-07-09,CZ,desktop,card,Promising,False,26-35
1532,2024-08-17,CY,desktop,bank_transfer,Promising,False,18-25
1533,2024-06-26,MT,desktop,ewallet,Promising,False,46+
1534,2023-04-01,BG,mobile,ewallet,Promising,False,36-45
1535,2023-01-15,UA,mobile,crypto,Promising,False,18-25
1536,2023-07-22,RO,desktop,bank_transfer,Promising,False,36-45
1537,2023-07-10,LV,desktop,card,Promising,False,36-45
1538,2023-06-13,HU,mobile,bank_transfer,Promising,False,36-45
1539,2024-09-02,LV,mobile,ewallet,Promising,False,18-25
1540,2023-05-01,IE,mobile,bank_transfer,Promising,False,46+
1541,2023-05-17,MT,mobile,crypto,Promising,False,26-35
1542,2023-12-26,BG,mobile,card,Promising,False,26-35
1543,2023-07-11,BG,desktop,card,Promising,False,36-45
1544,2023-07-28,LT,mobile,card,Promising,False,18-25
1545,2023-03-19,MT,desktop,card,Promising,False,18-25
1546,2023-12-20,CY,mobile,ewallet,Promising,False,26-35
1547,2023-03-12,LT,mobile,card,Promising,False,36-45
1548,2024-05-10,DE,mobile,card,Promising,False,46+
1549,2023-10-19,HU,mobile,card,Promising,False,26-35
1550,2023-04-05,UA,desktop,card,Promising,False,46+
1551,2023-03-26,DE,tablet,ewallet,Promising,False,46+
1552,2024-02-18,HR,desktop,card,Promising,False,26-35
1553,2024-06-03,EE,mobile,ewallet,Promising,False,18-25
1554,2024-02-26,RO,desktop,card,Promising,False,46+
1555,2024-05-01,CY,mobile,ewallet,Promising,False,36-45
1556,2023-04-10,PL,desktop,crypto,Promising,False,26-35
1557,2023-06-05,CY,mobile,bank_transfer,Promising,False,26-35
1558,2024-06-13,CY,mobile,bank_transfer,Promising,False,36-45
1559,2024-07-26,HU,tablet,bank_transfer,Promising,False,18-25
1560,2023-04-22,PL,desktop,card,Promising,False,18-25
1561,2024-02-15,HR,mobile,card,Promising,False,36-45
1562,2024-03-14,IE,mobile,ewallet,Promising,False,36-45
1563,2023-10-24,HU,mobile,card,Promising,False,36-45
1564,2023-04-01,UA,mobile,crypto,Promising,False,18-25
1565,2024-08-07,LV,mobile,card,Promising,False,26-35
1566,2024-03-13,DE,desktop,crypto,Promising,False,18-25
1567,2023-02-26,BG,mobile,card,Promising,False,46+
1568,2023-01-01,CY,desktop,ewallet,Promising,False,18-25
1569,2024-02-05,LT,desktop,card,Promising,False,36-45
1570,2023-09-21,DE,mobile,card,Promising,False,46+
1571,2023-08-16,PL,tablet,card,Promising,False,18-25
1572,2023-06-10,HU,mobile,card,Promising,False,26-35
1573,2024-01-27,MT,desktop,ewallet,Promising,False,26-35
1574,2023-03-14,SK,mobile,card,Promising,False,36-45
1575,2023-04-12,RO,mobile,bank_transfer,Promising,False,26-35
1576,2024-01-14,EE,mobile,card,Promising,False,46+
1577,2024-02-02,LV,mobile,card,Promising,False,26-35
1578,2023-04-23,BG,mobile,card,Promising,False,26-35
1579,2023-10-16,LT,mobile,crypto,Promising,False,26-35
1580,2024-03-07,PL,mobile,crypto,Promising,False,36-45
1581,2024-04-12,CY,desktop,bank_transfer,Promising,False,26-35
1582,2023-08-08,RO,desktop,ewallet,Promising,False,26-35
1583,2023-05-21,CY,mobile,card,Promising,False,46+
1584,2024-01-24,LT,mobile,bank_transfer,Promising,False,26-35
1585,2023-01-27,CY,mobile,crypto,Promising,False,36-45
1586,2023-12-19,HR,desktop,bank_transfer,Promising,False,26-35
1587,2024-09-14,BG,mobile,card,Promising,False,36-45
1588,2023-02-11,RO,desktop,card,Promising,False,26-35
1589,2023-08-09,LT,mobile,crypto,Promising,False,26-35
1590,2024-03-05,LV,mobile,card,Promising,False,46+
1591,2024-04-28,IE,desktop,card,Promising,False,18-25
1592,2023-06-08,MT,desktop,card,Promising,False,18-25
1593,2024-03-14,HU,desktop,card,Promising,False,18-25
1594,2023-11-17,CY,tablet,bank_transfer,Promising,False,46+
1595,2024-04-07,HR,desktop,card,Promising,False,26-35
1596,2024-04-26,UA,desktop,ewallet,Promising,False,46+
1597,2023-05-14,EE,mobile,bank_transfer,Promising,False,36-45
1598,2023-12-30,PL,mobile,ewallet,Promising,False,26-35
1599,2024-01-03,CZ,desktop,bank_transfer,Promising,False,46+
1600,2023-01-07,LT,mobile,bank_transfer,Promising,False,26-35
1601,2024-09-20,LT,mobile,ewallet,Promising,False,46+
1602,2023-12-07,IE,mobile,bank_transfer,Promising,False,18-25
1603,2023-11-01,SK,mobile,ewallet,Promising,False,18-25
1604,2024-01-18,CZ,desktop,card,Promising,False,36-45
1605,2023-10-08,LV,mobile,card,Promising,False,36-45
1606,2024-02-06,PL,desktop,card,Promising,False,26-35
1607,2023-06-27,BG,desktop,bank_transfer,Promising,False,18-25
1608,2023-07-19,PL,desktop,ewallet,Promising,False,36-45
1609,2023-02-22,MT,mobile,card,Promising,False,18-25
1610,2023-02-07,LT,mobile,card,Promising,False,18-25
1611,2023-09-26,LV,mobile,ewallet,Promising,False,18-25
1612,2024-03-03,CY,desktop,card,Promising,False,36-45
1613,2024-02-08,PL,mobile,bank_transfer,Promising,False,26-35
1614,2024-05-16,HU,desktop,card,Promising,False,26-35
1615,2023-06-29,DE,desktop,card,Promising,False,26-35
1616,2023-04-27,LV,mobile,card,Promising,False,18-25
1617,2024-03-28,SK,desktop,card,Promising,False,36-45
1618,2024-08-06,IE,mobile,card,Promising,False,26-35
1619,2023-03-22,UA,mobile,bank_transfer,Promising,False,26-35
1620,2023-03-25,UA,desktop,bank_transfer,Promising,False,36-45
1621,2024-09-12,RO,desktop,card,Promising,False,26-35
1622,2024-01-29,MT,mobile,crypto,Promising,False,18-25
1623,2024-09-24,UA,desktop,card,Promising,False,46+
1624,2024-01-05,SK,mobile,card,Promising,False,26-35
1625,2024-06-30,RO,mobile,card,Promising,False,18-25
1626,2023-09-27,RO,desktop,ewallet,Promising,False,26-35
1627,2023-02-24,BG,mobile,ewallet,Promising,False,36-45
1628,2023-03-09,DE,mobile,card,Promising,False,46+
1629,2024-03-02,CZ,mobile,ewallet,Promising,False,18-25
1630,2024-06-30,HR,mobile,ewallet,Promising,False,26-35
1631,2023-02-27,BG,desktop,ewallet,Promising,False,18-25
1632,2023-09-23,EE,desktop,ewallet,Promising,False,26-35
1633,2023-07-25,LT,desktop,card,Promising,False,18-25
1634,2024-09-21,MT,desktop,crypto,Promising,False,18-25
1635,2024-09-15,DE,desktop,card,Promising,False,18-25
1636,2023-03-06,DE,desktop,ewallet,Promising,False,46+
1637,2024-05-07,DE,mobile,crypto,Promising,False,26-35
1638,2024-02-21,PL,mobile,ewallet,Promising,False,36-45
1639,2024-05-05,EE,mobile,crypto,Promising,False,36-45
1640,2024-07-27,CY,desktop,crypto,Promising,False,26-35
1641,2023-06-02,BG,desktop,ewallet,Promising,False,46+
1642,2024-04-05,EE,desktop,card,Promising,False,18-25
1643,2024-08-21,LT,tablet,crypto,Promising,False,18-25
1644,2024-09-02,CZ,mobile,ewallet,Promising,False,36-45
1645,2023-05-05,HU,desktop,card,Promising,False,26-35
1646,2023-02-24,IE,mobile,card,Promising,False,18-25
1647,2023-06-08,EE,desktop,crypto,Promising,False,26-35
1648,2024-08-05,DE,mobile,card,Promising,False,36-45
1649,2024-02-16,CZ,desktop,ewallet,Promising,False,46+
1650,2023-08-13,HU,mobile,bank_transfer,Promising,False,26-35
1651,2023-08-22,LT,desktop,bank_transfer,Promising,False,36-45
1652,2023-01-25,SK,mobile,crypto,Promising,False,46+
1653,2023-04-28,HU,desktop,card,Promising,False,36-45
1654,2023-10-25,SK,desktop,ewallet,Promising,False,36-45
1655,2024-10-01,LT,desktop,bank_transfer,Promising,False,18-25
1656,2023-10-24,UA,mobile,ewallet,Promising,False,36-45
1657,2024-02-27,IE,desktop,bank_transfer,Promising,False,26-35
1658,2023-11-29,MT,mobile,bank_transfer,Promising,False,36-45
1659,2024-04-16,HU,mobile,ewallet,Promising,False,36-45
1660,2023-12-28,IE,desktop,card,Promising,False,36-45
1661,2024-06-06,SK,mobile,bank_transfer,Promising,False,36-45
1662,2023-11-25,LT,mobile,ewallet,Promising,False,26-35
1663,2023-09-26,HR,mobile,card,Promising,False,36-45
1664,2023-05-10,DE,desktop,ewallet,Promising,False,18-25
1665,2023-10-18,PL,mobile,bank_transfer,Promising,False,26-35
1666,2023-08-23,HU,mobile,ewallet,Promising,False,36-45
1667,2024-07-19,RO,mobile,bank_transfer,Promising,False,26-35
1668,2023-07-10,EE,mobile,ewallet,Promising,False,26-35
1669,2024-07-20,SK,mobile,card,Promising,False,26-35
1670,2023-10-30,LT,mobile,bank_transfer,Promising,False,26-35
1671,2023-03-09,BG,tablet,card,Promising,False,18-25
1672,2024-07-23,LV,desktop,crypto,Promising,False,46+
1673,2023-03-06,SK,mobile,card,Promising,False,36-45
1674,2023-01-16,HU,desktop,bank_transfer,Promising,False,26-35
1675,2024-08-21,CY,desktop,card,Promising,False,36-45
1676,2023-06-11,SK,desktop,bank_transfer,Promising,False,26-35
1677,2023-08-26,CZ,desktop,card,Promising,False,18-25
1678,2024-06-12,BG,desktop,card,Promising,False,18-25
1679,2023-10-30,CY,mobile,bank_transfer,Promising,False,36-45
1680,2023-04-10,HU,mobile,ewallet,Promising,False,26-35
1681,2023-05-12,PL,mobile,ewallet,Promising,False,46+
1682,2023-07-19,CZ,mobile,card,Promising,False,26-35
1683,2023-11-03,BG,desktop,card,Promising,False,46+
1684,2023-04-12,EE,desktop,bank_transfer,Promising,False,36-45
1685,2023-12-05,RO,desktop,card,Promising,False,36-45
1686,2023-01-18,EE,mobile,card,Promising,False,36-45
1687,2023-12-12,SK,mobile,ewallet,Promising,False,26-35
1688,2023-01-18,LV,desktop,bank_transfer,Promising,False,36-45
1689,2024-01-07,SK,mobile,crypto,Promising,False,18-25
1690,2023-07-07,UA,mobile,card,Promising,False,26-35
1691,2023-12-24,CY,desktop,ewallet,Promising,False,46+
1692,2024-01-16,LT,mobile,bank_transfer,Promising,False,18-25
1693,2023-03-30,BG,mobile,bank_transfer,Promising,False,18-25
1694,2024-04-22,SK,desktop,ewallet,Promising,False,46+
1695,2023-06-09,UA,tablet,card,Promising,False,26-35
1696,2023-01-30,EE,mobile,card,Promising,False,26-35
1697,2023-01-14,CY,mobile,bank_transfer,Promising,False,36-45
1698,2023-06-03,LT,desktop,bank_transfer,Promising,False,18-25
1699,2023-08-29,MT,mobile,card,Promising,False,18-25
1700,2024-06-06,LV,desktop,card,Promising,False,36-45
1701,2024-08-04,UA,mobile,bank_transfer,Promising,False,18-25
1702,2023-08-11,IE,mobile,bank_transfer,Promising,False,26-35
1703,2023-02-24,EE,desktop,card,Promising,False,18-25
1704,2023-02-18,LV,mobile,bank_transfer,Promising,False,26-35
1705,2024-09-12,HU,mobile,ewallet,Promising,False,26-35
1706,2024-03-20,CY,desktop,ewallet,Promising,False,26-35
1707,2023-09-06,IE,mobile,crypto,Promising,False,46+
1708,2023-01-30,IE,mobile,ewallet,Promising,False,26-35
1709,2024-06-18,SK,desktop,bank_transfer,Promising,False,26-35
1710,2023-04-13,MT,desktop,card,Promising,False,36-45
1711,2024-03-10,MT,mobile,card,Promising,False,46+
1712,2023-08-23,CZ,mobile,card,Promising,False,36-45
1713,2024-03-12,EE,desktop,bank_transfer,Promising,False,26-35
1714,2024-09-08,MT,desktop,ewallet,Promising,False,46+
1715,2023-08-17,RO,mobile,card,Promising,False,26-35
1716,2024-06-08,CZ,mobile,card,Promising,False,26-35
1717,2024-01-30,LT,desktop,ewallet,Promising,False,46+
1718,2024-02-24,CZ,desktop,ewallet,Promising,False,18-25
1719,2023-04-20,EE,mobile,card,Promising,False,18-25
1720,2024-02-05,SK,desktop,ewallet,Promising,False,46+
1721,2023-10-24,LT,desktop,card,Promising,False,46+
1722,2024-09-18,MT,desktop,ewallet,Promising,False,18-25
1723,2024-04-09,LV,desktop,card,Promising,False,26-35
1724,2023-03-16,MT,mobile,card,Promising,False,18-25
1725,2024-08-08,LT,desktop,crypto,Promising,False,26-35
1726,2024-09-28,LT,mobile,card,Promising,False,26-35
1727,2024-05-25,CY,desktop,crypto,Promising,False,26-35
1728,2023-01-04,DE,mobile,card,Promising,False,18-25
1729,2023-07-23,LT,mobile,card,Promising,False,26-35
1730,2023-06-20,PL,desktop,card,Promising,False,18-25
1731,2023-08-22,IE,mobile,bank_transfer,Promising,False,36-45
1732,2023-01-25,LT,desktop,bank_transfer,Promising,False,26-35
1733,2023-06-30,LT,mobile,card,Promising,False,46+
1734,2023-04-09,UA,mobile,card,Promising,False,26-35
1735,2024-01-13,SK,desktop,card,Promising,False,18-25
1736,2023-03-29,MT,mobile,ewallet,Promising,False,26-35
1737,2024-03-27,HU,mobile,card,Promising,False,46+
1738,2024-02-05,UA,mobile,card,Promising,False,26-35
1739,2024-02-28,EE,mobile,ewallet,Promising,False,26-35
1740,2023-02-23,RO,mobile,card,Promising,False,36-45
1741,2024-03-13,LV,mobile,bank_transfer,Promising,False,36-45
1742,2023-02-12,DE,tablet,card,Promising,False,18-25
1743,2023-02-05,PL,desktop,card,Promising,False,26-35
1744,2023-12-11,IE,mobile,ewallet,Promising,False,36-45
1745,2024-04-07,SK,tablet,crypto,Promising,False,18-25
1746,2023-10-02,RO,mobile,bank_transfer,Promising,False,18-25
1747,2023-11-27,LV,mobile,crypto,Promising,False,26-35
1748,2023-09-02,BG,desktop,card,Promising,False,18-25
1749,2023-12-08,DE,mobile,card,Promising,False,26-35
1750,2024-07-06,CZ,desktop,card,Promising,False,18-25
1751,2023-06-08,DE,mobile,card,Promising,False,26-35
1752,2023-07-23,MT,mobile,card,Promising,False,36-45
1753,2023-07-19,HR,mobile,card,Promising,False,26-35
1754,2024-04-09,IE,tablet,card,Promising,False,18-25
1755,2023-04-14,RO,mobile,card,Promising,False,18-25
1756,2023-10-12,HR,desktop,bank_transfer,Promising,False,36-45
1757,2023-09-12,HR,mobile,crypto,Promising,False,36-45
1758,2024-05-09,IE,desktop,ewallet,Promising,False,26-35
1759,2024-08-21,SK,mobile,card,Promising,False,26-35
1760,2023-07-01,CY,mobile,card,Promising,False,46+
1761,2023-04-08,DE,desktop,card,Promising,False,26-35
1762,2024-03-17,SK,desktop,bank_transfer,Promising,False,36-45
1763,2024-04-15,IE,mobile,bank_transfer,Promising,False,46+
1764,2023-10-22,CY,mobile,card,Promising,False,26-35
1765,2024-05-16,HU,tablet,ewallet,Promising,False,26-35
1766,2023-09-30,MT,mobile,card,Promising,False,18-25
1767,2024-09-15,SK,desktop,bank_transfer,Promising,False,18-25
1768,2023-12-04,LV,desktop,ewallet,Promising,False,26-35
1769,2024-03-28,CY,desktop,ewallet,Promising,False,18-25
1770,2024-02-03,RO,mobile,bank_transfer,Promising,False,18-25
1771,2023-03-10,MT,desktop,card,Promising,False,26-35
1772,2023-09-23,PL,tablet,bank_transfer,Promising,False,26-35
1773,2023-07-18,HU,mobile,card,Promising,False,36-45
1774,2023-12-24,PL,mobile,card,Promising,False,18-25
1775,2023-04-04,DE,mobile,ewallet,Promising,False,26-35
1776,2024-06-25,MT,desktop,card,Promising,False,18-25
1777,2024-03-01,CZ,desktop,card,Promising,False,26-35
1778,2023-12-08,CY,mobile,card,Promising,False,26-35
1779,2023-01-30,LT,mobile,card,Promising,False,26-35
1780,2023-04-04,LV,mobile,bank_transfer,Promising,False,26-35
1781,2023-10-23,LT,mobile,ewallet,Promising,False,26-35
1782,2024-08-04,BG,mobile,card,Promising,False,26-35
1783,2024-06-12,CY,desktop,bank_transfer,Promising,False,36-45
1784,2024-03-03,MT,mobile,card,Promising,False,36-45
1785,2023-04-02,HR,mobile,crypto,Promising,False,46+
1786,2023-04-17,RO,desktop,card,Promising,False,36-45
1787,2023-04-28,PL,mobile,card,Promising,False,46+
1788,2023-05-12,MT,desktop,bank_transfer,Promising,False,18-25
1789,2024-08-30,BG,mobile,ewallet,Promising,False,18-25
1790,2023-11-05,UA,mobile,ewallet,Promising,False,26-35
1791,2023-08-25,SK,mobile,ewallet,Promising,False,18-25
1792,2024-06-20,HR,mobile,bank_transfer,Promising,False,26-35
1793,2024-01-30,PL,mobile,card,Promising,False,36-45
1794,2024-01-15,HU,mobile,bank_transfer,Promising,False,36-45
1795,2023-09-28,RO,desktop,card,Promising,False,26-35
1796,2023-02-07,LT,mobile,ewallet,Promising,False,26-35
1797,2024-05-14,LV,tablet,card,Promising,False,46+
1798,2023-11-19,LT,desktop,crypto,Promising,False,46+
1799,2024-08-29,SK,mobile,ewallet,Promising,False,36-45
1800,2024-09-26,EE,desktop,card,Promising,False,46+
1801,2024-06-06,BG,mobile,bank_transfer,Promising,False,18-25
1802,2023-05-11,CY,desktop,card,Promising,False,36-45
1803,2023-10-14,LT,mobile,ewallet,Promising,False,18-25
1804,2024-06-27,RO,desktop,crypto,Promising,False,18-25
1805,2023-03-30,PL,mobile,bank_transfer,Promising,False,36-45
1806,2024-03-18,LT,mobile,bank_transfer,Promising,False,26-35
1807,2023-06-02,CZ,desktop,card,Promising,False,26-35
1808,2023-08-31,HU,mobile,ewallet,Promising,False,26-35
1809,2023-06-17,UA,mobile,card,Promising,False,46+
1810,2023-09-15,EE,mobile,bank_transfer,Promising,False,36-45
1811,2024-07-09,IE,mobile,card,Promising,False,18-25
1812,2023-08-31,HR,desktop,ewallet,Promising,False,46+
1813,2023-03-01,RO,mobile,card,Promising,False,36-45
1814,2024-07-17,IE,tablet,ewallet,Promising,False,26-35
1815,2024-04-18,EE,desktop,crypto,Promising,False,36-45
1816,2024-03-16,CZ,mobile,card,Promising,False,26-35
1817,2023-08-12,LT,tablet,bank_transfer,Promising,False,26-35
1818,2023-07-30,PL,mobile,bank_transfer,Promising,False,26-35
1819,2023-10-04,LT,desktop,card,Promising,False,26-35
1820,2023-03-24,CY,mobile,bank_transfer,Promising,False,36-45
1821,2023-10-20,HU,mobile,crypto,Promising,False,36-45
1822,2024-07-17,IE,mobile,card,Promising,False,26-35
1823,2024-03-06,LV,mobile,bank_transfer,Promising,False,36-45
1824,2024-07-14,SK,desktop,bank_transfer,Promising,False,36-45
1825,2024-01-27,LT,desktop,card,Promising,False,18-25
1826,2023-04-21,BG,tablet,card,Promising,False,18-25
1827,2023-12-18,PL,mobile,card,Promising,False,36-45
1828,2024-02-05,DE,desktop,ewallet,Promising,False,18-25
1829,2023-01-14,UA,desktop,card,Promising,False,18-25
1830,2023-12-23,UA,mobile,bank_transfer,Promising,False,18-25
1831,2023-03-17,SK,tablet,card,Promising,False,36-45
1832,2024-04-08,HU,mobile,card,Promising,False,36-45
1833,2023-12-04,PL,tablet,bank_transfer,Promising,False,18-25
1834,2023-10-05,PL,mobile,card,Promising,False,46+
1835,2024-01-29,CZ,mobile,bank_transfer,Promising,False,36-45
1836,2024-03-18,IE,desktop,card,Promising,False,18-25
1837,2023-07-01,HR,mobile,bank_transfer,Promising,False,18-25
1838,2023-03-15,DE,mobile,card,Promising,False,18-25
1839,2024-01-15,BG,desktop,card,Promising,False,26-35
1840,2024-08-09,HU,mobile,ewallet,Promising,False,26-35
1841,2024-04-23,RO,desktop,ewallet,Promising,False,36-45
1842,2023-11-13,LT,mobile,card,Promising,False,36-45
1843,2023-11-23,LV,desktop,ewallet,Promising,False,26-35
1844,2023-10-27,LV,mobile,bank_transfer,Promising,False,26-35
1845,2023-06-19,HR,desktop,bank_transfer,Promising,False,36-45
1846,2024-03-03,BG,mobile,ewallet,Promising,False,26-35
1847,2023-04-13,EE,desktop,card,Promising,False,26-35
1848,2024-04-17,LV,desktop,card,Promising,False,36-45
1849,2024-01-31,LV,desktop,card,Promising,False,36-45
1850,2024-09-02,DE,tablet,bank_transfer,Promising,False,18-25
1851,2023-01-05,IE,desktop,card,Promising,False,26-35
1852,2023-01-30,BG,mobile,ewallet,Promising,False,26-35
1853,2024-09-26,LT,desktop,crypto,Promising,False,46+
1854,2024-07-09,PL,mobile,bank_transfer,Promising,False,18-25
1855,2023-06-23,CY,mobile,bank_transfer,Promising,False,36-45
1856,2024-09-26,HU,mobile,ewallet,Promising,False,18-25
1857,2024-02-25,EE,mobile,card,Promising,False,26-35
1858,2023-10-10,BG,desktop,card,Promising,False,26-35
1859,2023-12-08,SK,desktop,card,Promising,False,46+
1860,2024-07-15,UA,mobile,bank_transfer,Promising,False,26-35
1861,2024-05-01,LV,mobile,card,Promising,False,36-45
1862,2024-05-18,RO,mobile,bank_transfer,Promising,False,36-45
1863,2024-08-02,CZ,mobile,card,Promising,False,46+
1864,2024-02-21,HU,mobile,card,Promising,False,18-25
1865,2023-03-06,HU,tablet,card,Promising,False,18-25
1866,2023-08-08,CZ,mobile,card,Promising,False,26-35
1867,2023-09-29,CY,desktop,card,Promising,False,26-35
1868,2024-09-27,RO,mobile,card,Promising,False,26-35
1869,2023-01-23,PL,desktop,ewallet,Promising,False,26-35
1870,2023-11-20,LT,desktop,bank_transfer,Promising,False,26-35
1871,2023-02-15,RO,mobile,bank_transfer,Promising,False,36-45
1872,2024-06-25,HR,mobile,ewallet,Promising,False,26-35
1873,2023-02-23,IE,mobile,card,Promising,False,26-35
1874,2024-06-21,LT,desktop,card,Promising,False,46+
1875,2024-02-28,RO,mobile,card,Promising,False,18-25
1876,2023-05-28,UA,tablet,card,Promising,False,36-45
1877,2024-04-04,BG,mobile,bank_transfer,Promising,False,46+
1878,2024-01-04,SK,desktop,bank_transfer,Promising,False,36-45
1879,2023-06-21,CZ,mobile,bank_transfer,Promising,False,26-35
1880,2024-01-24,PL,desktop,crypto,Promising,False,46+
1881,2023-08-14,CY,desktop,ewallet,Promising,False,18-25
1882,2024-06-09,CY,mobile,card,Promising,False,18-25
1883,2023-01-20,HU,desktop,bank_transfer,Promising,False,26-35
1884,2024-09-10,PL,desktop,card,Promising,False,36-45
1885,2024-09-23,LT,mobile,card,Promising,False,26-35
1886,2024-10-01,CZ,mobile,card,Promising,False,18-25
1887,2024-06-25,LT,mobile,card,Promising,False,36-45
1888,2023-03-15,LT,mobile,ewallet,Promising,False,26-35
1889,2023-12-16,EE,mobile,ewallet,Promising,False,26-35
1890,2023-03-11,UA,mobile,card,Promising,False,46+
1891,2024-04-07,UA,mobile,ewallet,Promising,False,26-35
1892,2023-03-22,MT,mobile,ewallet,Promising,False,26-35
1893,2023-06-09,RO,mobile,card,Promising,False,46+
1894,2023-01-02,CZ,desktop,bank_transfer,Promising,False,18-25
1895,2023-08-29,DE,desktop,card,Promising,False,46+
1896,2024-03-23,MT,desktop,ewallet,Promising,False,26-35
1897,2023-11-10,EE,desktop,ewallet,Promising,False,26-35
1898,2023-03-20,CZ,mobile,ewallet,Promising,False,18-25
1899,2024-04-24,PL,desktop,card,Promising,False,18-25
1900,2023-08-05,CY,mobile,crypto,Promising,False,26-35
1901,2024-04-20,MT,tablet,bank_transfer,Promising,False,26-35
1902,2024-02-27,HR,mobile,card,Promising,False,26-35
1903,2024-05-17,CZ,desktop,card,Promising,False,26-35
1904,2024-09-05,EE,desktop,card,Promising,False,36-45
1905,2024-08-21,CZ,desktop,ewallet,Promising,False,26-35
1906,2023-06-13,CY,mobile,ewallet,Promising,False,26-35
1907,2023-06-06,CY,mobile,card,Promising,False,36-45
1908,2023-07-25,CZ,mobile,card,Promising,False,46+
1909,2024-02-20,RO,mobile,bank_transfer,Promising,False,46+
1910,2023-01-24,MT,desktop,ewallet,Promising,False,26-35
1911,2023-07-24,DE,tablet,ewallet,Promising,False,26-35
1912,2023-08-14,MT,mobile,bank_transfer,Promising,False,18-25
1913,2023-05-04,IE,desktop,bank_transfer,Promising,False,26-35
1914,2024-07-25,EE,mobile,card,Promising,False,36-45
1915,2024-01-02,UA,mobile,bank_transfer,Promising,False,46+
1916,2023-12-23,SK,mobile,bank_transfer,Promising,False,26-35
1917,2023-10-07,CY,mobile,bank_transfer,Promising,False,18-25
1918,2023-04-17,DE,mobile,ewallet,Promising,False,26-35
1919,2023-02-20,DE,desktop,ewallet,Promising,False,36-45
1920,2024-02-08,HR,desktop,bank_transfer,Promising,False,26-35
1921,2024-06-21,SK,mobile,card,Promising,False,18-25
1922,2023-09-09,MT,mobile,card,Promising,False,18-25
1923,2023-06-10,DE,desktop,bank_transfer,Promising,False,36-45
1924,2023-06-26,PL,mobile,ewallet,Promising,False,36-45
1925,2023-10-23,LT,tablet,card,Promising,False,26-35
1926,2023-03-04,CY,desktop,card,Promising,False,26-35
1927,2023-03-28,UA,mobile,card,Promising,False,18-25
1928,2023-08-20,DE,mobile,bank_transfer,Promising,False,26-35
1929,2024-05-09,UA,desktop,card,Promising,False,26-35
1930,2023-10-19,RO,desktop,crypto,Promising,False,26-35
1931,2024-06-23,MT,desktop,ewallet,Promising,False,26-35
1932,2023-02-22,MT,mobile,card,Promising,False,26-35
1933,2024-01-16,CZ,desktop,card,Promising,False,36-45
1934,2024-08-05,EE,desktop,bank_transfer,Promising,False,36-45
1935,2023-06-21,RO,mobile,bank_transfer,Promising,False,26-35
1936,2023-09-08,UA,tablet,bank_transfer,Promising,False,26-35
1937,2024-06-15,DE,mobile,card,Promising,False,36-45
1938,2023-09-10,SK,mobile,card,Promising,False,36-45
1939,2023-07-07,UA,desktop,bank_transfer,Promising,False,26-35
1940,2023-02-08,DE,desktop,ewallet,Promising,False,36-45
1941,2023-08-12,LV,mobile,ewallet,Promising,False,26-35
1942,2023-08-28,BG,desktop,bank_transfer,Promising,False,36-45
1943,2024-09-17,HR,desktop,card,Promising,False,26-35
1944,2023-05-02,PL,desktop,bank_transfer,Promising,False,26-35
1945,2023-01-14,LV,desktop,bank_transfer,Promising,False,46+
1946,2024-07-20,PL,mobile,ewallet,Promising,False,18-25
1947,2024-02-10,HU,mobile,card,Promising,False,26-35
1948,2023-07-02,HU,mobile,bank_transfer,Promising,False,18-25
1949,2023-03-21,MT,tablet,bank_transfer,Promising,False,46+
1950,2023-03-21,RO,mobile,card,Promising,False,26-35
1951,2023-08-26,HR,mobile,ewallet,Promising,False,36-45
1952,2023-12-24,EE,desktop,bank_transfer,Promising,False,36-45
1953,2023-03-19,PL,tablet,card,Promising,False,18-25
1954,2023-06-14,HU,mobile,bank_transfer,Promising,False,46+
1955,2024-07-24,HR,desktop,crypto,Promising,False,36-45
1956,2024-07-27,CZ,mobile,bank_transfer,Promising,False,18-25
1957,2024-01-21,EE,mobile,card,Promising,False,46+
1958,2023-05-22,UA,tablet,card,Promising,False,36-45
1959,2023-10-25,LV,mobile,card,Promising,False,26-35
1960,2023-09-18,MT,mobile,card,Promising,False,18-25
1961,2023-08-01,IE,desktop,card,Promising,False,26-35
1962,2023-05-20,CY,mobile,card,Promising,False,26-35
1963,2024-03-22,LT,desktop,bank_transfer,Promising,False,36-45
1964,2023-01-28,HR,desktop,card,Promising,False,26-35
1965,2023-04-01,SK,mobile,card,Promising,False,26-35
1966,2023-05-25,HU,desktop,card,Promising,False,18-25
1967,2024-07-15,LT,mobile,ewallet,Promising,False,46+
1968,2024-02-22,UA,tablet,card,Promising,False,26-35
1969,2024-05-23,UA,desktop,bank_transfer,Promising,False,26-35
1970,2024-01-25,HU,mobile,card,Promising,False,18-25
1971,2023-03-07,CY,desktop,card,Promising,False,36-45
1972,2023-03-21,BG,tablet,card,Promising,False,26-35
1973,2024-04-03,BG,mobile,bank_transfer,Promising,False,36-45
1974,2024-03-21,LT,desktop,ewallet,Promising,False,46+
1975,2024-02-28,PL,desktop,bank_transfer,Promising,False,36-45
1976,2023-08-26,HU,desktop,ewallet,Promising,False,46+
1977,2024-08-13,LV,desktop,card,Promising,False,26-35
1978,2023-08-12,IE,desktop,ewallet,Promising,False,26-35
1979,2023-10-24,HU,mobile,card,Promising,False,26-35
1980,2023-11-22,PL,desktop,card,Promising,False,46+
1981,2024-03-24,IE,desktop,bank_transfer,Promising,False,36-45
1982,2023-06-04,PL,desktop,ewallet,Promising,False,46+
1983,2024-07-18,RO,mobile,card,Promising,False,36-45
1984,2023-12-27,EE,mobile,bank_transfer,Promising,False,26-35
1985,2024-09-07,DE,desktop,ewallet,Promising,False,36-45
1986,2023-09-02,PL,desktop,ewallet,Promising,False,26-35
1987,2024-03-30,DE,mobile,bank_transfer,Promising,False,36-45
1988,2024-09-10,SK,mobile,card,Promising,False,26-35
1989,2023-03-31,EE,desktop,card,Promising,False,18-25
1990,2023-08-22,LT,desktop,card,Promising,False,18-25
1991,2024-08-19,EE,mobile,card,Promising,False,26-35
1992,2023-12-28,HR,desktop,ewallet,Promising,False,26-35
1993,2024-03-26,LV,tablet,bank_transfer,Promising,False,18-25
1994,2023-06-09,RO,desktop,card,Promising,False,36-45
1995,2023-01-02,BG,tablet,crypto,Promising,False,26-35
1996,2024-03-27,EE,desktop,card,Promising,False,36-45
1997,2023-05-03,HR,mobile,card,Promising,False,18-25
1998,2024-01-18,SK,mobile,card,Promising,False,46+
1999,2023-06-10,HU,desktop,ewallet,Promising,False,36-45
2000,2023-11-28,HR,mobile,ewallet,Promising,False,36-45
2001,2023-09-13,EE,desktop,bank_transfer,At Risk,False,26-35
2002,2024-04-20,BG,desktop,bank_transfer,At Risk,False,36-45
2003,2023-03-18,PL,mobile,bank_transfer,At Risk,False,18-25
2004,2023-02-04,MT,tablet,card,At Risk,False,36-45
2005,2024-04-24,LV,tablet,card,At Risk,False,18-25
2006,2023-06-05,PL,mobile,bank_transfer,At Risk,False,46+
2007,2023-11-21,CY,mobile,bank_transfer,At Risk,False,18-25
2008,2024-09-19,LT,mobile,bank_transfer,At Risk,False,26-35
2009,2024-03-01,LT,desktop,card,At Risk,False,26-35
2010,2024-01-27,IE,mobile,card,At Risk,False,18-25
2011,2023-11-17,MT,mobile,ewallet,At Risk,False,46+
2012,2024-02-05,HR,desktop,bank_transfer,At Risk,False,18-25
2013,2023-09-17,LV,mobile,crypto,At Risk,False,46+
2014,2023-02-24,CY,mobile,card,At Risk,False,26-35
2015,2023-11-07,CZ,tablet,card,At Risk,False,26-35
2016,2023-07-06,BG,mobile,card,At Risk,False,26-35
2017,2023-07-22,HU,mobile,bank_transfer,At Risk,False,26-35
2018,2024-07-02,IE,mobile,card,At Risk,False,26-35
2019,2023-04-02,CZ,mobile,ewallet,At Risk,False,36-45
2020,2023-02-09,BG,tablet,card,At Risk,False,36-45
2021,2023-03-01,RO,mobile,card,At Risk,False,26-35
2022,2024-03-01,CY,desktop,bank_transfer,At Risk,False,26-35
2023,2023-10-17,HU,mobile,crypto,At Risk,False,36-45
2024,2024-09-27,BG,desktop,ewallet,At Risk,False,18-25
2025,2024-08-23,BG,desktop,ewallet,At Risk,False,26-35
2026,2024-02-09,LV,mobile,card,At Risk,False,26-35
2027,2024-04-01,PL,desktop,ewallet,At Risk,False,36-45
2028,2024-01-03,RO,mobile,bank_transfer,At Risk,False,26-35
2029,2023-02-20,BG,mobile,card,At Risk,False,26-35
2030,2023-05-31,RO,desktop,card,At Risk,False,26-35
2031,2023-08-18,LT,desktop,bank_transfer,At Risk,False,26-35
2032,2023-01-29,SK,mobile,crypto,At Risk,False,26-35
2033,2024-03-26,RO,mobile,ewallet,At Risk,False,46+
2034,2024-03-10,DE,mobile,bank_transfer,At Risk,False,26-35
2035,2023-07-07,LT,mobile,card,At Risk,False,46+
2036,2024-02-22,IE,desktop,card,At Risk,False,46+
2037,2024-07-15,HU,mobile,ewallet,At Risk,False,26-35
2038,2023-07-22,PL,mobile,bank_transfer,At Risk,False,18-25
2039,2024-09-22,PL,mobile,bank_transfer,At Risk,False,18-25
2040,2023-09-28,CY,mobile,ewallet,At Risk,False,18-25
2041,2024-01-21,PL,desktop,ewallet,At Risk,False,18-25
2042,2023-09-28,PL,desktop,ewallet,At Risk,False,26-35
2043,2023-08-12,BG,desktop,bank_transfer,At Risk,False,26-35
2044,2024-05-03,PL,desktop,crypto,At Risk,False,26-35
2045,2024-08-05,LV,desktop,ewallet,At Risk,False,46+
2046,2024-06-01,LV,mobile,card,At Risk,False,26-35
2047,2023-08-14,RO,desktop,ewallet,At Risk,False,46+
2048,2023-10-15,MT,mobile,ewallet,At Risk,False,18-25
2049,2023-11-11,DE,mobile,bank_transfer,At Risk,False,26-35
2050,2023-12-09,HR,desktop,bank_transfer,At Risk,False,26-35
2051,2023-03-31,UA,mobile,crypto,At Risk,False,46+
2052,2023-01-04,EE,mobile,card,At Risk,False,26-35
2053,2023-09-04,HR,mobile,card,At Risk,False,26-35
2054,2024-03-17,HR,mobile,card,At Risk,False,18-25
2055,2023-12-27,RO,mobile,card,At Risk,False,26-35
2056,2024-02-26,LT,mobile,ewallet,At Risk,False,46+
2057,2024-01-29,PL,desktop,ewallet,At Risk,False,36-45
2058,2023-03-25,BG,mobile,card,At Risk,False,18-25
2059,2023-12-11,RO,desktop,card,At Risk,False,26-35
2060,2024-09-20,CY,mobile,card,At Risk,False,36-45
2061,2024-01-04,LT,desktop,bank_transfer,At Risk,False,36-45
2062,2023-11-26,MT,desktop,card,At Risk,False,36-45
2063,2024-07-28,BG,mobile,card,At Risk,False,18-25
2064,2024-04-02,CY,mobile,bank_transfer,At Risk,False,18-25
2065,2023-11-24,IE,mobile,card,At Risk,False,26-35
2066,2024-02-26,LV,mobile,crypto,At Risk,False,26-35
2067,2023-03-03,UA,mobile,card,At Risk,False,36-45
2068,2023-05-23,SK,desktop,card,At Risk,False,36-45
2069,2024-06-10,EE,desktop,bank_transfer,At Risk,False,26-35
2070,2023-11-05,SK,desktop,ewallet,At Risk,False,26-35
2071,2024-03-24,RO,desktop,card,At Risk,False,36-45
2072,2024-09-23,PL,desktop,bank_transfer,At Risk,False,26-35
2073,2023-07-07,EE,desktop,bank_transfer,At Risk,False,18-25
2074,2024-06-30,HR,mobile,crypto,At Risk,False,36-45
2075,2023-08-14,CZ,desktop,ewallet,At Risk,False,26-35
2076,2023-02-02,DE,mobile,bank_transfer,At Risk,False,18-25
2077,2024-09-12,LT,desktop,crypto,At Risk,False,26-35
2078,2023-07-25,HU,desktop,crypto,At Risk,False,18-25
2079,2024-07-29,CZ,desktop,ewallet,At Risk,False,26-35
2080,2023-06-03,CY,desktop,bank_transfer,At Risk,False,36-45
2081,2023-04-13,PL,mobile,card,At Risk,False,18-25
2082,2024-04-04,RO,tablet,crypto,At Risk,False,36-45
2083,2024-08-24,CY,desktop,card,At Risk,False,26-35
2084,2023-03-16,HR,mobile,ewallet,At Risk,False,18-25
2085,2023-12-10,RO,tablet,bank_transfer,At Risk,False,18-25
2086,2024-02-18,PL,desktop,bank_transfer,At Risk,False,26-35
2087,2024-04-25,MT,desktop,bank_transfer,At Risk,False,26-35
2088,2024-02-27,SK,mobile,card,At Risk,False,36-45
2089,2024-05-09,EE,mobile,card,At Risk,False,26-35
2090,2023-03-22,CZ,mobile,bank_transfer,At Risk,False,26-35
2091,2024-01-09,MT,desktop,crypto,At Risk,False,26-35
2092,2023-04-21,BG,mobile,card,At Risk,False,18-25
2093,2023-11-06,CY,tablet,ewallet,At Risk,False,26-35
2094,2023-09-09,HR,tablet,card,At Risk,False,26-35
2095,2024-02-11,MT,mobile,ewallet,At Risk,False,26-35
2096,2023-09-30,CY,desktop,card,At Risk,False,46+
2097,2023-05-08,EE,mobile,card,At Risk,False,46+
2098,2024-02-16,EE,mobile,card,At Risk,False,46+
2099,2023-06-03,LT,mobile,bank_transfer,At Risk,False,26-35
2100,2023-02-04,LT,mobile,card,At Risk,False,18-25
2101,2023-02-22,HR,mobile,crypto,At Risk,False,26-35
2102,2023-01-24,UA,mobile,card,At Risk,False,36-45
2103,2023-06-20,EE,mobile,bank_transfer,At Risk,False,26-35
2104,2023-04-01,IE,desktop,ewallet,At Risk,False,36-45
2105,2023-09-27,LT,mobile,card,At Risk,False,36-45
2106,2023-04-28,CY,desktop,crypto,At Risk,False,26-35
2107,2023-01-29,LV,mobile,ewallet,At Risk,False,26-35
2108,2024-06-21,SK,mobile,card,At Risk,False,46+
2109,2023-10-01,UA,mobile,card,At Risk,False,26-35
2110,2023-09-30,DE,tablet,card,At Risk,False,18-25
2111,2023-05-29,SK,mobile,card,At Risk,False,18-25
2112,2024-05-20,LV,mobile,card,At Risk,False,18-25
2113,2023-03-27,MT,desktop,ewallet,At Risk,False,46+
2114,2023-05-19,SK,mobile,card,At Risk,False,46+
2115,2023-05-07,IE,mobile,card,At Risk,False,26-35
2116,2024-05-07,RO,mobile,bank_transfer,At Risk,False,18-25
2117,2023-01-14,RO,desktop,bank_transfer,At Risk,False,18-25
2118,2024-09-06,UA,desktop,ewallet,At Risk,False,18-25
2119,2023-04-13,DE,desktop,ewallet,At Risk,False,18-25
2120,2024-01-16,CY,desktop,bank_transfer,At Risk,False,18-25
2121,2023-04-08,DE,mobile,card,At Risk,False,26-35
2122,2023-03-09,EE,desktop,card,At Risk,False,46+
2123,2023-12-12,LT,desktop,crypto,At Risk,False,36-45
2124,2023-04-14,BG,desktop,ewallet,At Risk,False,18-25
2125,2024-07-17,PL,mobile,card,At Risk,False,26-35
2126,2023-01-07,DE,mobile,crypto,At Risk,False,46+
2127,2024-04-14,LV,desktop,card,At Risk,False,18-25
2128,2024-06-08,LT,desktop,bank_transfer,At Risk,False,26-35
2129,2024-01-17,UA,mobile,card,At Risk,False,26-35
2130,2023-10-30,PL,mobile,bank_transfer,At Risk,False,46+
2131,2023-07-01,LV,desktop,ewallet,At Risk,False,18-25
2132,2023-12-11,HR,desktop,bank_transfer,At Risk,False,26-35
2133,2024-04-18,CZ,desktop,crypto,At Risk,False,18-25
2134,2023-01-25,BG,mobile,card,At Risk,False,36-45
2135,2023-06-26,BG,mobile,ewallet,At Risk,False,26-35
2136,2024-01-18,HU,mobile,card,At Risk,False,26-35
2137,2023-01-26,RO,mobile,card,At Risk,False,46+
2138,2023-11-04,DE,mobile,crypto,At Risk,False,26-35
2139,2023-04-19,RO,mobile,ewallet,At Risk,False,26-35
2140,2024-05-07,SK,mobile,card,At Risk,False,18-25
2141,2023-04-30,LV,tablet,ewallet,At Risk,False,18-25
2142,2024-08-29,RO,desktop,ewallet,At Risk,False,26-35
2143,2024-04-07,MT,desktop,card,At Risk,False,26-35
2144,2023-11-18,EE,desktop,card,At Risk,False,26-35
2145,2024-09-21,EE,desktop,crypto,At Risk,False,36-45
2146,2023-12-07,PL,desktop,bank_transfer,At Risk,False,36-45
2147,2024-03-24,IE,mobile,bank_transfer,At Risk,False,36-45
2148,2023-12-15,UA,mobile,ewallet,At Risk,False,36-45
2149,2024-08-05,DE,mobile,card,At Risk,False,26-35
2150,2023-08-21,DE,mobile,card,At Risk,False,18-25
2151,2023-03-21,MT,desktop,ewallet,At Risk,False,26-35
2152,2023-05-28,EE,mobile,card,At Risk,False,18-25
2153,2023-05-19,UA,mobile,card,At Risk,False,46+
2154,2023-09-08,LT,mobile,ewallet,At Risk,False,18-25
2155,2023-05-09,PL,tablet,card,At Risk,False,36-45
2156,2023-06-21,SK,tablet,bank_transfer,At Risk,False,26-35
2157,2023-10-29,HU,mobile,card,At Risk,False,18-25
2158,2023-12-07,LT,desktop,bank_transfer,At Risk,False,26-35
2159,2024-02-09,BG,desktop,crypto,At Risk,False,26-35
2160,2023-05-22,HU,mobile,ewallet,At Risk,False,46+
2161,2024-07-18,EE,mobile,card,At Risk,False,26-35
2162,2024-08-07,HU,mobile,ewallet,At Risk,False,18-25
2163,2024-02-27,BG,desktop,crypto,At Risk,False,36-45
2164,2024-02-10,SK,tablet,card,At Risk,False,26-35
2165,2023-01-09,CZ,tablet,crypto,At Risk,False,18-25
2166,2023-01-06,MT,mobile,card,At Risk,False,26-35
2167,2024-03-13,HR,mobile,ewallet,At Risk,False,26-35
2168,2024-06-26,PL,mobile,card,At Risk,False,46+
2169,2024-04-18,RO,mobile,card,At Risk,False,46+
2170,2024-01-31,BG,desktop,ewallet,At Risk,False,36-45
2171,2024-08-28,PL,mobile,ewallet,At Risk,False,26-35
2172,2024-07-22,SK,desktop,crypto,At Risk,False,46+
2173,2023-01-23,LT,desktop,ewallet,At Risk,False,46+
2174,2023-11-25,LT,desktop,card,At Risk,False,26-35
2175,2024-05-16,EE,desktop,ewallet,At Risk,False,36-45
2176,2024-07-27,HU,mobile,card,At Risk,False,36-45
2177,2023-08-06,HR,desktop,ewallet,At Risk,False,36-45
2178,2023-07-08,LT,mobile,ewallet,At Risk,False,18-25
2179,2024-03-09,SK,mobile,card,At Risk,False,46+
2180,2023-03-30,UA,desktop,card,At Risk,False,36-45
2181,2023-11-14,CZ,desktop,ewallet,At Risk,False,26-35
2182,2023-11-22,BG,mobile,card,At Risk,False,26-35
2183,2024-05-18,EE,desktop,card,At Risk,False,18-25
2184,2024-08-30,UA,desktop,card,At Risk,False,36-45
2185,2024-04-15,UA,mobile,card,At Risk,False,26-35
2186,2024-03-20,CZ,mobile,ewallet,At Risk,False,36-45
2187,2024-06-23,SK,mobile,card,At Risk,False,18-25
2188,2023-05-23,CZ,desktop,ewallet,At Risk,False,36-45
2189,2023-04-19,MT,desktop,card,At Risk,False,46+
2190,2023-04-02,DE,desktop,crypto,At Risk,False,18-25
2191,2024-01-23,MT,desktop,card,At Risk,False,36-45
2192,2023-10-16,SK,mobile,crypto,At Risk,False,18-25
2193,2024-05-26,SK,mobile,bank_transfer,At Risk,False,26-35
2194,2024-08-21,RO,mobile,crypto,At Risk,False,46+
2195,2023-11-29,PL,tablet,bank_transfer,At Risk,False,26-35
2196,2024-09-14,UA,desktop,card,At Risk,False,36-45
2197,2024-04-21,HU,desktop,card,At Risk,False,26-35
2198,2023-11-15,LV,mobile,card,At Risk,False,26-35
2199,2024-09-03,BG,mobile,bank_transfer,At Risk,False,26-35
2200,2023-05-24,DE,desktop,card,At Risk,False,26-35
2201,2024-09-06,DE,mobile,bank_transfer,At Risk,False,36-45
2202,2023-04-13,BG,mobile,bank_transfer,At Risk,False,18-25
2203,2024-02-29,HR,mobile,bank_transfer,At Risk,False,26-35
2204,2023-10-24,LV,desktop,card,At Risk,False,26-35
2205,2023-05-16,CZ,mobile,bank_transfer,At Risk,False,36-45
2206,2023-06-25,HR,desktop,card,At Risk,False,18-25
2207,2023-12-30,HR,mobile,card,At Risk,False,46+
2208,2024-07-06,CY,mobile,card,At Risk,False,26-35
2209,2024-08-13,LT,mobile,bank_transfer,At Risk,False,26-35
2210,2024-01-20,MT,mobile,card,At Risk,False,36-45
2211,2023-12-06,RO,desktop,card,At Risk,False,18-25
2212,2023-09-11,PL,mobile,bank_transfer,At Risk,False,26-35
2213,2024-01-13,BG,desktop,ewallet,At Risk,False,26-35
2214,2024-06-06,CY,mobile,bank_transfer,At Risk,False,26-35
2215,2023-12-31,LV,desktop,card,At Risk,False,46+
2216,2024-06-03,UA,desktop,card,At Risk,False,46+
2217,2024-01-09,BG,mobile,card,At Risk,False,26-35
2218,2023-03-19,UA,mobile,crypto,At Risk,False,26-35
2219,2024-03-09,HU,desktop,card,At Risk,False,36-45
2220,2023-06-29,IE,mobile,crypto,At Risk,False,36-45
2221,2023-10-10,PL,mobile,card,At Risk,False,46+
2222,2023-02-03,CY,desktop,card,At Risk,False,18-25
2223,2023-10-01,RO,mobile,ewallet,At Risk,False,36-45
2224,2024-07-13,EE,mobile,bank_transfer,At Risk,False,26-35
2225,2023-06-13,BG,tablet,bank_transfer,At Risk,False,36-45
2226,2023-08-31,EE,mobile,card,At Risk,False,36-45
2227,2023-01-14,BG,mobile,card,At Risk,False,36-45
2228,2023-11-17,LV,desktop,card,At Risk,False,46+
2229,2023-01-30,LT,mobile,card,At Risk,False,36-45
2230,2023-08-31,BG,mobile,bank_transfer,At Risk,False,26-35
2231,2024-04-23,SK,desktop,card,At Risk,False,46+
2232,2024-03-15,PL,mobile,card,At Risk,False,26-35
2233,2024-03-16,BG,mobile,bank_transfer,At Risk,False,26-35
2234,2024-03-24,UA,desktop,bank_transfer,At Risk,False,46+
2235,2024-03-11,RO,desktop,bank_transfer,At Risk,False,26-35
2236,2023-10-19,DE,mobile,crypto,At Risk,False,18-25
2237,2024-08-12,MT,mobile,ewallet,At Risk,False,18-25
2238,2024-05-20,EE,tablet,bank_transfer,At Risk,False,18-25
2239,2023-09-21,HU,desktop,card,At Risk,False,26-35
2240,2024-03-19,CY,desktop,ewallet,At Risk,False,26-35
2241,2024-08-14,LV,mobile,card,At Risk,False,26-35
2242,2024-07-14,IE,mobile,card,At Risk,False,26-35
2243,2024-08-11,RO,mobile,ewallet,At Risk,False,26-35
2244,2023-07-03,PL,desktop,bank_transfer,At Risk,False,26-35
2245,2023-01-26,BG,desktop,card,At Risk,False,26-35
2246,2023-06-17,CY,desktop,ewallet,At Risk,False,36-45
2247,2024-07-11,PL,mobile,bank_transfer,At Risk,False,36-45
2248,2023-01-25,CZ,mobile,card,At Risk,False,18-25
2249,2024-06-23,BG,desktop,card,At Risk,False,18-25
2250,2024-01-12,EE,mobile,card,At Risk,False,26-35
2251,2024-09-02,BG,desktop,ewallet,At Risk,False,46+
2252,2023-03-21,HR,tablet,card,At Risk,False,18-25
2253,2023-03-07,PL,desktop,card,At Risk,False,26-35
2254,2023-07-30,BG,mobile,card,At Risk,False,36-45
2255,2023-10-29,CY,mobile,crypto,At Risk,False,18-25
2256,2024-02-26,SK,mobile,card,At Risk,False,36-45
2257,2023-10-25,LV,mobile,crypto,At Risk,False,26-35
2258,2024-01-09,RO,mobile,bank_transfer,At Risk,False,46+
2259,2023-09-09,CZ,tablet,card,At Risk,False,36-45
2260,2024-02-29,RO,desktop,bank_transfer,At Risk,False,26-35
2261,2024-08-27,MT,mobile,card,At Risk,False,46+
2262,2024-09-22,DE,desktop,crypto,At Risk,False,46+
2263,2023-12-12,PL,desktop,card,At Risk,False,36-45
2264,2023-02-02,HR,mobile,ewallet,At Risk,False,26-35
2265,2023-02-19,LT,mobile,card,At Risk,False,26-35
2266,2024-06-25,PL,mobile,bank_transfer,At Risk,False,26-35
2267,2023-02-16,HR,mobile,card,At Risk,False,36-45
2268,2023-12-23,HR,mobile,card,At Risk,False,26-35
2269,2023-01-28,CZ,desktop,card,At Risk,False,26-35
2270,2023-05-18,IE,desktop,bank_transfer,At Risk,False,26-35
2271,2023-03-28,MT,tablet,card,At Risk,False,26-35
2272,2023-06-10,RO,desktop,bank_transfer,At Risk,False,36-45
2273,2023-07-01,RO,mobile,ewallet,At Risk,False,36-45
2274,2024-07-21,LV,mobile,card,At Risk,False,18-25
2275,2023-07-24,CY,mobile,card,At Risk,False,36-45
2276,2024-08-25,LT,desktop,card,At Risk,False,36-45
2277,2024-03-09,CY,desktop,card,At Risk,False,18-25
2278,2023-11-23,DE,desktop,card,At Risk,False,26-35
2279,2024-04-02,CZ,desktop,ewallet,At Risk,False,36-45
2280,2023-01-10,PL,tablet,crypto,At Risk,False,26-35
2281,2024-03-14,DE,desktop,crypto,At Risk,False,46+
2282,2023-09-12,SK,desktop,card,At Risk,False,46+
2283,2024-02-28,CZ,desktop,ewallet,At Risk,False,26-35
2284,2024-08-29,DE,tablet,card,At Risk,False,46+
2285,2023-12-02,EE,mobile,card,At Risk,False,26-35
2286,2023-02-05,DE,mobile,crypto,At Risk,False,26-35
2287,2023-01-25,MT,mobile,card,At Risk,False,36-45
2288,2024-07-28,MT,desktop,bank_transfer,At Risk,False,36-45
2289,2023-09-16,LT,desktop,crypto,At Risk,False,36-45
2290,2024-06-21,PL,desktop,card,At Risk,False,18-25
2291,2024-01-11,DE,desktop,ewallet,At Risk,False,26-35
2292,2023-06-04,MT,desktop,card,At Risk,False,26-35
2293,2023-06-27,LT,mobile,card,At Risk,False,26-35
2294,2024-08-29,HU,mobile,ewallet,At Risk,False,46+
2295,2024-07-07,HU,desktop,card,At Risk,False,26-35
2296,2024-01-14,MT,mobile,card,At Risk,False,46+
2297,2024-05-11,EE,mobile,card,At Risk,False,36-45
2298,2023-10-02,MT,mobile,card,At Risk,False,36-45
2299,2024-07-19,EE,tablet,card,At Risk,False,36-45
2300,2023-10-20,HU,tablet,bank_transfer,At Risk,False,36-45
2301,2024-07-31,LT,desktop,crypto,At Risk,False,36-45
2302,2023-09-09,IE,tablet,bank_transfer,At Risk,False,26-35
2303,2023-09-10,IE,desktop,ewallet,At Risk,False,36-45
2304,2023-07-14,EE,mobile,bank_transfer,At Risk,False,36-45
2305,2023-10-09,LT,mobile,card,At Risk,False,26-35
2306,2024-08-24,LT,mobile,crypto,At Risk,False,26-35
2307,2023-05-07,EE,mobile,card,At Risk,False,46+
2308,2023-12-08,RO,mobile,card,At Risk,False,26-35
2309,2023-11-28,CY,tablet,card,At Risk,False,36-45
2310,2024-09-18,LT,mobile,bank_transfer,At Risk,False,18-25
2311,2023-12-11,RO,tablet,card,At Risk,False,26-35
2312,2024-06-07,DE,mobile,card,At Risk,False,18-25
2313,2023-03-09,HU,tablet,card,At Risk,False,46+
2314,2023-06-19,PL,mobile,bank_transfer,At Risk,False,26-35
2315,2023-05-25,HU,mobile,card,At Risk,False,36-45
2316,2024-08-19,HU,desktop,bank_transfer,At Risk,False,18-25
2317,2024-05-02,LT,desktop,bank_transfer,At Risk,False,36-45
2318,2023-06-16,SK,mobile,card,At Risk,False,46+
2319,2023-04-17,MT,mobile,crypto,At Risk,False,26-35
2320,2024-04-10,SK,mobile,card,At Risk,False,36-45
2321,2023-08-26,EE,desktop,ewallet,At Risk,False,18-25
2322,2023-08-29,UA,tablet,card,At Risk,False,26-35
2323,2024-05-13,RO,desktop,card,At Risk,False,36-45
2324,2024-03-23,HR,desktop,ewallet,At Risk,False,36-45
2325,2024-06-01,PL,mobile,bank_transfer,At Risk,False,18-25
2326,2023-06-15,SK,desktop,card,At Risk,False,26-35
2327,2023-07-11,HU,mobile,card,At Risk,False,36-45
2328,2023-06-15,HU,desktop,card,At Risk,False,18-25
2329,2023-03-30,UA,mobile,bank_transfer,At Risk,False,26-35
2330,2024-06-12,UA,desktop,ewallet,At Risk,False,36-45
2331,2023-07-22,RO,desktop,card,At Risk,False,26-35
2332,2024-09-15,CY,mobile,card,At Risk,False,26-35
2333,2023-05-06,SK,mobile,card,At Risk,False,36-45
2334,2023-05-29,PL,desktop,crypto,At Risk,False,18-25
2335,2023-04-13,LT,tablet,bank_transfer,At Risk,False,26-35
2336,2023-09-09,CY,mobile,card,At Risk,False,46+
2337,2024-03-14,CY,desktop,bank_transfer,At Risk,False,26-35
2338,2024-02-05,PL,mobile,ewallet,At Risk,False,26-35
2339,2023-05-24,EE,mobile,crypto,At Risk,False,26-35
2340,2023-01-22,EE,mobile,bank_transfer,At Risk,False,36-45
2341,2023-05-02,HR,desktop,card,At Risk,False,46+
2342,2024-03-03,BG,desktop,bank_transfer,At Risk,False,36-45
2343,2024-05-12,HU,mobile,card,At Risk,False,18-25
2344,2023-05-17,EE,tablet,card,At Risk,False,26-35
2345,2024-08-03,HR,mobile,card,At Risk,False,26-35
2346,2023-07-12,MT,desktop,crypto,At Risk,False,26-35
2347,2023-03-28,LV,desktop,bank_transfer,At Risk,False,26-35
2348,2024-09-14,IE,mobile,ewallet,At Risk,False,26-35
2349,2023-03-21,UA,desktop,card,At Risk,False,36-45
2350,2023-09-23,HU,mobile,crypto,At Risk,False,26-35
2351,2023-09-22,IE,desktop,card,At Risk,False,46+
2352,2023-03-30,MT,desktop,card,At Risk,False,18-25
2353,2024-01-28,EE,desktop,ewallet,At Risk,False,18-25
2354,2024-08-14,LT,desktop,bank_transfer,At Risk,False,36-45
2355,2024-04-25,CZ,mobile,crypto,At Risk,False,46+
2356,2023-08-27,RO,mobile,crypto,At Risk,False,18-25
2357,2023-11-06,EE,mobile,card,At Risk,False,18-25
2358,2023-04-09,HU,mobile,card,At Risk,False,36-45
2359,2024-01-24,HR,desktop,card,At Risk,False,36-45
2360,2024-06-17,DE,mobile,ewallet,At Risk,False,26-35
2361,2023-11-19,UA,mobile,ewallet,At Risk,False,46+
2362,2023-08-23,HU,desktop,crypto,At Risk,False,46+
2363,2024-09-18,PL,desktop,card,At Risk,False,26-35
2364,2023-05-05,MT,mobile,crypto,At Risk,False,36-45
2365,2024-07-27,IE,mobile,card,At Risk,False,36-45
2366,2023-06-20,CY,desktop,card,At Risk,False,26-35
2367,2023-02-11,RO,mobile,bank_transfer,At Risk,False,18-25
2368,2024-01-15,LV,mobile,card,At Risk,False,46+
2369,2023-02-13,PL,mobile,ewallet,At Risk,False,46+
2370,2023-08-12,HR,mobile,card,At Risk,False,36-45
2371,2024-05-22,LT,desktop,card,At Risk,False,18-25
2372,2023-09-23,DE,mobile,ewallet,At Risk,False,26-35
2373,2024-08-24,UA,mobile,ewallet,At Risk,False,18-25
2374,2023-05-21,CZ,desktop,bank_transfer,At Risk,False,26-35
2375,2023-03-06,LV,desktop,card,At Risk,False,18-25
2376,2024-09-13,HU,mobile,card,At Risk,False,26-35
2377,2023-08-19,HU,desktop,card,At Risk,False,26-35
2378,2024-08-10,HR,mobile,bank_transfer,At Risk,False,18-25
2379,2024-05-12,HR,desktop,card,At Risk,False,36-45
2380,2024-08-23,EE,desktop,ewallet,At Risk,False,26-35
2381,2023-07-11,DE,desktop,card,At Risk,False,26-35
2382,2023-05-03,RO,mobile,bank_transfer,At Risk,False,36-45
2383,2023-08-25,RO,mobile,ewallet,At Risk,False,18-25
2384,2023-03-12,IE,desktop,bank_transfer,At Risk,False,26-35
2385,2023-12-20,SK,mobile,bank_transfer,At Risk,False,18-25
2386,2024-06-16,BG,mobile,card,At Risk,False,46+
2387,2023-09-20,BG,desktop,card,At Risk,False,26-35
2388,2024-07-18,MT,desktop,bank_transfer,At Risk,False,18-25
2389,2023-09-23,RO,mobile,card,At Risk,False,46+
2390,2024-07-27,LT,mobile,card,At Risk,False,26-35
2391,2024-07-27,EE,mobile,ewallet,At Risk,False,26-35
2392,2024-09-20,UA,mobile,card,At Risk,False,26-35
2393,2023-06-24,MT,mobile,bank_transfer,At Risk,False,26-35
2394,2023-05-12,LT,desktop,ewallet,At Risk,False,26-35
2395,2023-09-06,LT,mobile,bank_transfer,At Risk,False,18-25
2396,2023-09-28,RO,mobile,card,At Risk,False,26-35
2397,2023-03-27,PL,desktop,card,At Risk,False,26-35
2398,2024-09-14,RO,desktop,card,At Risk,False,26-35
2399,2023-02-16,PL,mobile,bank_transfer,At Risk,False,26-35
2400,2024-03-24,HR,desktop,crypto,At Risk,False,36-45
2401,2023-10-03,LT,mobile,bank_transfer,At Risk,False,36-45
2402,2023-11-19,BG,tablet,ewallet,At Risk,False,18-25
2403,2023-07-11,SK,desktop,bank_transfer,At Risk,False,36-45
2404,2024-04-01,SK,mobile,bank_transfer,At Risk,False,26-35
2405,2023-07-11,LV,desktop,crypto,At Risk,False,46+
2406,2023-02-26,CY,mobile,card,At Risk,False,26-35
2407,2023-01-10,LT,desktop,crypto,At Risk,False,26-35
2408,2024-06-23,IE,desktop,ewallet,At Risk,False,26-35
2409,2023-12-28,EE,desktop,card,At Risk,False,18-25
2410,2024-09-09,CY,desktop,bank_transfer,At Risk,False,36-45
2411,2024-02-21,DE,mobile,ewallet,At Risk,False,46+
2412,2024-05-16,RO,mobile,ewallet,At Risk,False,26-35
2413,2023-01-06,PL,mobile,ewallet,At Risk,False,18-25
2414,2023-07-25,EE,mobile,bank_transfer,At Risk,False,18-25
2415,2023-07-30,LT,tablet,card,At Risk,False,18-25
2416,2024-05-22,DE,tablet,card,At Risk,False,18-25
2417,2023-07-22,IE,desktop,bank_transfer,At Risk,False,26-35
2418,2024-09-01,RO,desktop,bank_transfer,At Risk,False,36-45
2419,2023-08-16,SK,desktop,bank_transfer,At Risk,False,26-35
2420,2024-06-23,LT,mobile,bank_transfer,At Risk,False,26-35
2421,2023-07-15,LV,desktop,card,At Risk,False,18-25
2422,2023-10-14,LT,mobile,card,At Risk,False,36-45
2423,2023-10-19,BG,mobile,ewallet,At Risk,False,18-25
2424,2023-10-15,DE,mobile,ewallet,At Risk,False,26-35
2425,2023-08-30,EE,desktop,crypto,At Risk,False,18-25
2426,2024-05-10,LV,desktop,ewallet,At Risk,False,18-25
2427,2023-12-12,PL,mobile,ewallet,At Risk,False,36-45
2428,2024-08-19,SK,mobile,card,At Risk,False,46+
2429,2023-02-01,HR,mobile,card,At Risk,False,36-45
2430,2023-12-23,BG,mobile,bank_transfer,At Risk,False,36-45
2431,2023-08-07,LT,desktop,card,At Risk,False,46+
2432,2023-06-28,MT,desktop,card,At Risk,False,26-35
2433,2024-05-13,RO,tablet,card,At Risk,False,26-35
2434,2023-11-17,CY,desktop,card,At Risk,False,26-35
2435,2023-01-18,DE,desktop,card,At Risk,False,46+
2436,2023-03-09,LT,mobile,card,At Risk,False,36-45
2437,2023-01-24,LV,desktop,ewallet,At Risk,False,26-35
2438,2024-06-09,CY,desktop,card,At Risk,False,18-25
2439,2024-09-15,LV,desktop,card,At Risk,False,18-25
2440,2024-08-19,LT,tablet,card,At Risk,False,26-35
2441,2023-02-15,IE,mobile,card,At Risk,False,46+
2442,2023-04-27,HR,mobile,bank_transfer,At Risk,False,36-45
2443,2024-08-03,PL,desktop,bank_transfer,At Risk,False,36-45
2444,2023-12-19,LT,desktop,ewallet,At Risk,False,36-45
2445,2023-05-22,LT,mobile,bank_transfer,At Risk,False,36-45
2446,2024-05-21,BG,mobile,ewallet,At Risk,False,26-35
2447,2023-10-07,HR,desktop,card,At Risk,False,26-35
2448,2023-06-06,RO,mobile,ewallet,At Risk,False,26-35
2449,2024-06-13,UA,desktop,bank_transfer,At Risk,False,46+
2450,2024-03-20,RO,desktop,card,At Risk,False,46+
2451,2023-05-12,SK,mobile,card,At Risk,False,36-45
2452,2023-12-02,DE,mobile,bank_transfer,At Risk,False,26-35
2453,2023-07-16,CZ,mobile,ewallet,At Risk,False,26-35
2454,2023-12-09,RO,mobile,card,At Risk,False,26-35
2455,2024-09-08,MT,mobile,card,At Risk,False,46+
2456,2024-02-12,HU,mobile,card,At Risk,False,36-45
2457,2024-09-21,CZ,desktop,card,At Risk,False,26-35
2458,2024-02-27,CZ,mobile,card,At Risk,False,26-35
2459,2023-08-18,DE,desktop,card,At Risk,False,26-35
2460,2024-09-24,DE,desktop,card,At Risk,False,18-25
2461,2023-06-10,PL,desktop,bank_transfer,At Risk,False,18-25
2462,2023-04-09,SK,mobile,bank_transfer,At Risk,False,26-35
2463,2023-09-03,CY,mobile,ewallet,At Risk,False,46+
2464,2024-03-15,MT,desktop,card,At Risk,False,36-45
2465,2024-03-15,PL,mobile,card,At Risk,False,46+
2466,2023-08-08,HR,mobile,ewallet,At Risk,False,26-35
2467,2023-08-02,MT,mobile,bank_transfer,At Risk,False,18-25
2468,2023-11-27,HR,mobile,card,At Risk,False,26-35
2469,2023-01-08,CY,mobile,card,At Risk,False,46+
2470,2023-12-10,LV,mobile,card,At Risk,False,26-35
2471,2024-09-12,IE,desktop,card,At Risk,False,26-35
2472,2023-08-31,HR,desktop,card,At Risk,False,46+
2473,2024-07-07,UA,mobile,card,At Risk,False,18-25
2474,2024-09-18,LT,mobile,bank_transfer,At Risk,False,26-35
2475,2024-06-23,RO,mobile,card,At Risk,False,46+
2476,2023-09-30,IE,desktop,card,At Risk,False,36-45
2477,2023-09-28,MT,desktop,bank_transfer,At Risk,False,46+
2478,2023-10-20,EE,mobile,card,At Risk,False,46+
2479,2023-10-18,DE,mobile,ewallet,At Risk,False,36-45
2480,2023-04-27,EE,desktop,ewallet,At Risk,False,36-45
2481,2023-05-01,BG,desktop,ewallet,At Risk,False,46+
2482,2023-03-28,DE,mobile,card,At Risk,False,36-45
2483,2024-05-08,DE,mobile,ewallet,At Risk,False,26-35
2484,2023-06-14,DE,mobile,card,At Risk,False,18-25
2485,2023-03-09,CY,mobile,card,At Risk,False,26-35
2486,2024-05-22,LV,mobile,card,At Risk,False,26-35
2487,2023-05-24,MT,mobile,card,At Risk,False,26-35
2488,2023-12-18,EE,mobile,card,At Risk,False,18-25
2489,2024-01-22,MT,mobile,ewallet,At Risk,False,18-25
2490,2023-01-23,IE,desktop,ewallet,At Risk,False,18-25
2491,2024-03-20,DE,mobile,card,At Risk,False,26-35
2492,2023-01-18,LV,mobile,ewallet,At Risk,False,26-35
2493,2024-06-20,HU,desktop,bank_transfer,At Risk,False,46+
2494,2024-04-10,UA,tablet,card,At Risk,False,18-25
2495,2024-08-31,BG,mobile,bank_transfer,At Risk,False,26-35
2496,2023-08-21,RO,mobile,ewallet,At Risk,False,26-35
2497,2024-04-27,LT,mobile,ewallet,At Risk,False,36-45
2498,2023-12-10,LV,mobile,bank_transfer,At Risk,False,18-25
2499,2024-04-12,CZ,desktop,card,At Risk,False,36-45
2500,2024-04-08,HU,desktop,ewallet,At Risk,False,26-35
2501,2023-11-29,EE,mobile,ewallet,At Risk,False,36-45
2502,2024-04-07,SK,mobile,card,At Risk,False,26-35
2503,2023-11-11,MT,mobile,card,At Risk,False,26-35
2504,2023-04-17,LV,mobile,card,At Risk,False,36-45
2505,2024-06-20,MT,mobile,ewallet,At Risk,False,46+
2506,2023-09-13,HU,desktop,card,At Risk,False,18-25
2507,2023-06-21,CZ,desktop,ewallet,At Risk,False,36-45
2508,2024-09-11,HR,mobile,card,At Risk,False,36-45
2509,2023-07-13,CZ,mobile,bank_transfer,At Risk,False,18-25
2510,2024-07-08,SK,tablet,card,At Risk,False,36-45
2511,2023-03-29,MT,desktop,bank_transfer,At Risk,False,26-35
2512,2023-05-28,MT,desktop,ewallet,At Risk,False,46+
2513,2023-04-23,HU,desktop,bank_transfer,At Risk,False,26-35
2514,2023-07-31,IE,mobile,bank_transfer,At Risk,False,18-25
2515,2023-07-11,CY,mobile,card,At Risk,False,18-25
2516,2023-09-19,CZ,mobile,ewallet,At Risk,False,26-35
2517,2024-05-17,RO,desktop,crypto,At Risk,False,46+
2518,2023-01-16,LT,desktop,crypto,At Risk,False,26-35
2519,2023-01-04,EE,tablet,card,At Risk,False,46+
2520,2024-09-08,HU,desktop,ewallet,At Risk,False,46+
2521,2023-02-06,HU,mobile,bank_transfer,At Risk,False,36-45
2522,2023-09-03,MT,desktop,ewallet,At Risk,False,36-45
2523,2023-12-01,SK,mobile,crypto,At Risk,False,18-25
2524,2024-09-04,MT,desktop,card,At Risk,False,26-35
2525,2024-06-27,BG,mobile,bank_transfer,At Risk,False,36-45
2526,2023-09-07,HR,mobile,bank_transfer,At Risk,False,18-25
2527,2023-09-11,HR,mobile,bank_transfer,At Risk,False,36-45
2528,2023-03-29,BG,desktop,ewallet,At Risk,False,26-35
2529,2024-05-06,DE,tablet,card,At Risk,False,18-25
2530,2024-05-25,CY,mobile,bank_transfer,At Risk,False,26-35
2531,2024-01-22,CZ,desktop,crypto,At Risk,False,26-35
2532,2023-04-28,MT,mobile,card,At Risk,False,26-35
2533,2024-09-11,EE,desktop,card,At Risk,False,26-35
2534,2024-06-30,DE,mobile,card,At Risk,False,26-35
2535,2023-11-15,CY,mobile,ewallet,At Risk,False,18-25
2536,2024-02-19,SK,desktop,card,At Risk,False,26-35
2537,2024-09-17,UA,desktop,card,At Risk,False,26-35
2538,2024-07-16,LT,desktop,crypto,At Risk,False,36-45
2539,2023-03-18,HU,mobile,card,At Risk,False,18-25
2540,2023-01-16,CY,desktop,ewallet,At Risk,False,18-25
2541,2023-07-07,RO,desktop,ewallet,At Risk,False,26-35
2542,2024-05-16,HR,mobile,card,At Risk,False,26-35
2543,2023-12-26,IE,mobile,card,At Risk,False,18-25
2544,2023-07-13,PL,desktop,ewallet,At Risk,False,26-35
2545,2023-08-04,LV,mobile,card,At Risk,False,36-45
2546,2024-08-29,CY,mobile,card,At Risk,False,26-35
2547,2023-06-21,HR,desktop,card,At Risk,False,26-35
2548,2023-11-17,CY,mobile,bank_transfer,At Risk,False,18-25
2549,2023-05-06,PL,desktop,card,At Risk,False,36-45
2550,2024-07-09,SK,mobile,card,At Risk,False,26-35
2551,2024-01-31,PL,desktop,crypto,At Risk,False,26-35
2552,2023-10-28,MT,mobile,bank_transfer,At Risk,False,26-35
2553,2023-01-10,DE,tablet,ewallet,At Risk,False,46+
2554,2023-04-01,SK,mobile,card,At Risk,False,26-35
2555,2023-07-12,HU,mobile,card,At Risk,False,18-25
2556,2024-08-20,IE,desktop,ewallet,At Risk,False,36-45
2557,2024-08-27,HR,desktop,card,At Risk,False,18-25
2558,2023-02-04,DE,mobile,bank_transfer,At Risk,False,26-35
2559,2023-04-23,CY,mobile,card,At Risk,False,36-45
2560,2024-09-12,BG,desktop,card,At Risk,False,36-45
2561,2023-09-21,PL,mobile,ewallet,At Risk,False,26-35
2562,2023-06-06,IE,mobile,card,At Risk,False,26-35
2563,2023-09-24,CZ,desktop,bank_transfer,At Risk,False,46+
2564,2023-07-24,CY,mobile,ewallet,At Risk,False,18-25
2565,2023-03-25,HU,mobile,card,At Risk,False,46+
2566,2023-07-10,IE,desktop,bank_transfer,At Risk,False,26-35
2567,2024-07-01,RO,desktop,ewallet,At Risk,False,26-35
2568,2023-12-31,IE,desktop,card,At Risk,False,46+
2569,2023-02-15,UA,mobile,ewallet,At Risk,False,18-25
2570,2023-01-21,BG,mobile,card,At Risk,False,26-35
2571,2024-06-10,UA,desktop,bank_transfer,At Risk,False,46+
2572,2024-08-20,BG,desktop,ewallet,At Risk,False,26-35
2573,2023-01-24,HR,mobile,card,At Risk,False,36-45
2574,2023-11-09,RO,mobile,bank_transfer,At Risk,False,36-45
2575,2024-02-25,CZ,mobile,bank_transfer,At Risk,False,46+
2576,2023-01-21,BG,mobile,crypto,At Risk,False,36-45
2577,2023-05-23,PL,mobile,ewallet,At Risk,False,36-45
2578,2024-02-21,RO,mobile,crypto,At Risk,False,46+
2579,2023-10-05,CZ,desktop,bank_transfer,At Risk,False,36-45
2580,2023-11-07,UA,desktop,card,At Risk,False,18-25
2581,2023-08-19,RO,desktop,card,At Risk,False,46+
2582,2023-08-04,IE,mobile,card,At Risk,False,46+
2583,2023-07-30,PL,mobile,card,At Risk,False,18-25
2584,2023-12-25,CY,mobile,card,At Risk,False,36-45
2585,2023-01-10,LV,mobile,card,At Risk,False,26-35
2586,2023-07-16,LT,tablet,card,At Risk,False,18-25
2587,2023-09-05,RO,desktop,ewallet,At Risk,False,36-45
2588,2024-01-07,MT,desktop,bank_transfer,At Risk,False,46+
2589,2023-05-04,DE,desktop,ewallet,At Risk,False,46+
2590,2023-01-22,DE,mobile,ewallet,At Risk,False,18-25
2591,2023-08-25,UA,mobile,bank_transfer,At Risk,False,36-45
2592,2024-01-22,SK,mobile,card,At Risk,False,26-35
2593,2024-03-10,IE,desktop,ewallet,At Risk,False,18-25
2594,2024-02-29,CY,desktop,bank_transfer,At Risk,False,18-25
2595,2024-08-19,HU,mobile,card,At Risk,False,18-25
2596,2023-08-03,LV,mobile,card,At Risk,False,18-25
2597,2023-12-17,CY,desktop,bank_transfer,At Risk,False,26-35
2598,2023-06-20,DE,desktop,bank_transfer,At Risk,False,18-25
2599,2024-08-31,MT,mobile,bank_transfer,At Risk,False,26-35
2600,2023-05-23,LV,mobile,bank_transfer,At Risk,False,46+
2601,2023-08-30,HU,mobile,bank_transfer,At Risk,False,36-45
2602,2023-07-21,HU,desktop,ewallet,At Risk,False,18-25
2603,2023-12-05,EE,desktop,card,At Risk,False,46+
2604,2023-10-15,UA,mobile,bank_transfer,At Risk,False,26-35
2605,2023-02-11,IE,desktop,card,At Risk,False,26-35
2606,2023-10-05,PL,desktop,ewallet,At Risk,False,36-45
2607,2023-06-05,UA,desktop,card,At Risk,False,46+
2608,2024-09-06,SK,tablet,card,At Risk,False,36-45
2609,2023-09-10,CZ,desktop,card,At Risk,False,36-45
2610,2023-06-30,CY,mobile,bank_transfer,At Risk,False,18-25
2611,2023-09-21,DE,mobile,bank_transfer,At Risk,False,26-35
2612,2024-03-21,HR,mobile,card,At Risk,False,46+
2613,2024-03-25,LV,desktop,card,At Risk,False,36-45
2614,2023-05-26,EE,mobile,bank_transfer,At Risk,False,26-35
2615,2023-05-20,HR,mobile,card,At Risk,False,26-35
2616,2023-03-14,BG,tablet,bank_transfer,At Risk,False,46+
2617,2024-04-21,PL,mobile,card,At Risk,False,26-35
2618,2023-10-23,MT,mobile,ewallet,At Risk,False,36-45
2619,2024-09-26,SK,mobile,card,At Risk,False,36-45
2620,2024-01-06,CZ,mobile,card,At Risk,False,26-35
2621,2023-06-28,SK,desktop,card,At Risk,False,18-25
2622,2023-04-20,PL,desktop,crypto,At Risk,False,26-35
2623,2023-01-30,UA,desktop,card,At Risk,False,26-35
2624,2023-11-14,CZ,mobile,card,At Risk,False,46+
2625,2023-05-26,BG,tablet,ewallet,At Risk,False,36-45
2626,2024-04-27,LT,desktop,bank_transfer,At Risk,False,26-35
2627,2023-03-16,MT,mobile,card,At Risk,False,26-35
2628,2023-07-07,EE,mobile,bank_transfer,At Risk,False,26-35
2629,2023-06-22,HU,mobile,card,At Risk,False,46+
2630,2023-07-07,PL,mobile,card,At Risk,False,18-25
2631,2024-05-11,PL,desktop,card,At Risk,False,26-35
2632,2024-06-23,CY,desktop,crypto,At Risk,False,26-35
2633,2024-03-25,IE,mobile,card,At Risk,False,36-45
2634,2023-03-28,HU,tablet,crypto,At Risk,False,36-45
2635,2024-04-07,EE,tablet,card,At Risk,False,26-35
2636,2023-04-14,HR,desktop,card,At Risk,False,36-45
2637,2024-08-02,UA,desktop,ewallet,At Risk,False,26-35
2638,2024-09-30,LT,mobile,ewallet,At Risk,False,26-35
2639,2024-05-05,HR,mobile,card,At Risk,False,26-35
2640,2024-08-04,EE,desktop,ewallet,At Risk,False,46+
2641,2023-01-05,CZ,mobile,card,At Risk,False,26-35
2642,2023-07-09,LV,mobile,bank_transfer,At Risk,False,26-35
2643,2024-08-30,DE,desktop,ewallet,At Risk,False,26-35
2644,2023-08-22,SK,mobile,ewallet,At Risk,False,36-45
2645,2023-07-25,BG,mobile,bank_transfer,At Risk,False,46+
2646,2024-06-12,UA,mobile,card,At Risk,False,46+
2647,2023-10-06,EE,desktop,ewallet,At Risk,False,18-25
2648,2023-03-14,RO,desktop,bank_transfer,At Risk,False,46+
2649,2023-11-10,CZ,desktop,card,At Risk,False,36-45
2650,2024-08-03,EE,desktop,bank_transfer,At Risk,False,36-45
2651,2023-01-12,BG,desktop,card,At Risk,False,26-35
2652,2023-01-29,DE,desktop,crypto,At Risk,False,46+
2653,2023-10-14,LT,mobile,bank_transfer,At Risk,False,18-25
2654,2023-11-01,LT,desktop,bank_transfer,At Risk,False,26-35
2655,2023-04-28,PL,mobile,ewallet,At Risk,False,36-45
2656,2023-02-20,HR,mobile,card,At Risk,False,26-35
2657,2024-05-04,RO,tablet,bank_transfer,At Risk,False,18-25
2658,2023-03-06,PL,desktop,card,At Risk,False,26-35
2659,2024-06-23,HR,mobile,bank_transfer,At Risk,False,36-45
2660,2023-12-31,HR,desktop,card,At Risk,False,36-45
2661,2024-05-01,HR,desktop,card,At Risk,False,26-35
2662,2023-05-26,MT,mobile,crypto,At Risk,False,46+
2663,2024-06-01,HR,desktop,card,At Risk,False,36-45
2664,2023-08-04,HR,mobile,card,At Risk,False,36-45
2665,2024-09-14,UA,mobile,bank_transfer,At Risk,False,18-25
2666,2023-10-28,BG,mobile,bank_transfer,At Risk,False,36-45
2667,2023-10-06,CY,mobile,bank_transfer,At Risk,False,36-45
2668,2023-01-31,HU,desktop,card,At Risk,False,26-35
2669,2023-01-01,UA,mobile,card,At Risk,False,18-25
2670,2024-01-06,LT,desktop,card,At Risk,False,36-45
2671,2023-01-10,BG,mobile,ewallet,At Risk,False,36-45
2672,2024-01-05,RO,mobile,ewallet,At Risk,False,26-35
2673,2024-03-18,SK,desktop,bank_transfer,At Risk,False,26-35
2674,2023-08-11,LV,tablet,bank_transfer,At Risk,False,36-45
2675,2024-05-18,UA,mobile,card,At Risk,False,36-45
2676,2023-02-14,RO,mobile,ewallet,At Risk,False,26-35
2677,2023-09-11,MT,desktop,ewallet,At Risk,False,36-45
2678,2024-03-25,PL,desktop,card,At Risk,False,36-45
2679,2023-04-02,RO,desktop,card,At Risk,False,46+
2680,2024-09-11,CZ,mobile,card,At Risk,False,18-25
2681,2024-06-29,LV,mobile,bank_transfer,At Risk,False,46+
2682,2023-10-25,LT,mobile,bank_transfer,At Risk,False,46+
2683,2023-08-04,LT,mobile,card,At Risk,False,36-45
2684,2024-06-07,PL,desktop,bank_transfer,At Risk,False,18-25
2685,2023-04-22,MT,desktop,bank_transfer,At Risk,False,46+
2686,2024-04-19,EE,desktop,bank_transfer,At Risk,False,36-45
2687,2024-02-12,LV,mobile,bank_transfer,At Risk,False,36-45
2688,2024-02-28,MT,desktop,bank_transfer,At Risk,False,18-25
2689,2023-09-05,RO,desktop,card,At Risk,False,26-35
2690,2024-03-25,DE,mobile,crypto,At Risk,False,46+
2691,2024-05-12,UA,mobile,ewallet,At Risk,False,26-35
2692,2023-12-26,RO,tablet,card,At Risk,False,18-25
2693,2023-08-07,HR,mobile,bank_transfer,At Risk,False,36-45
2694,2023-12-30,RO,mobile,card,At Risk,False,36-45
2695,2023-08-23,CY,mobile,card,At Risk,False,26-35
2696,2024-06-17,LT,mobile,ewallet,At Risk,False,26-35
2697,2024-08-01,DE,desktop,bank_transfer,At Risk,False,18-25
2698,2023-06-28,CY,desktop,crypto,At Risk,False,36-45
2699,2023-09-12,MT,desktop,card,At Risk,False,26-35
2700,2023-07-11,LT,mobile,card,At Risk,False,26-35
2701,2023-05-11,HU,mobile,ewallet,At Risk,False,36-45
2702,2024-08-25,LV,mobile,card,At Risk,False,18-25
2703,2023-01-24,HU,desktop,crypto,At Risk,False,46+
2704,2023-04-25,LT,mobile,card,At Risk,False,18-25
2705,2023-09-03,DE,mobile,card,At Risk,False,36-45
2706,2024-09-16,MT,desktop,card,At Risk,False,36-45
2707,2024-09-23,DE,mobile,card,At Risk,False,26-35
2708,2023-03-04,PL,tablet,bank_transfer,At Risk,False,36-45
2709,2024-02-12,LV,desktop,crypto,At Risk,False,26-35
2710,2023-07-25,MT,tablet,bank_transfer,At Risk,False,36-45
2711,2024-09-16,HU,desktop,bank_transfer,At Risk,False,46+
2712,2023-06-11,UA,desktop,card,At Risk,False,46+
2713,2023-04-08,SK,desktop,card,At Risk,False,18-25
2714,2024-07-20,CZ,mobile,card,At Risk,False,46+
2715,2023-09-22,UA,desktop,bank_transfer,At Risk,False,36-45
2716,2023-05-16,MT,mobile,bank_transfer,At Risk,False,36-45
2717,2023-10-19,CZ,mobile,ewallet,At Risk,False,18-25
2718,2024-01-01,IE,desktop,card,At Risk,False,26-35
2719,2023-01-12,UA,mobile,crypto,At Risk,False,46+
2720,2024-05-31,RO,mobile,card,At Risk,False,18-25
2721,2024-06-28,IE,desktop,card,At Risk,False,26-35
2722,2024-08-09,SK,mobile,bank_transfer,At Risk,False,26-35
2723,2023-01-24,HR,desktop,card,At Risk,False,26-35
2724,2023-02-23,BG,desktop,crypto,At Risk,False,26-35
2725,2023-02-22,CY,mobile,ewallet,At Risk,False,26-35
2726,2024-08-10,HR,desktop,card,At Risk,False,46+
2727,2024-07-12,HU,mobile,bank_transfer,At Risk,False,26-35
2728,2024-09-02,SK,mobile,bank_transfer,At Risk,False,36-45
2729,2023-10-06,UA,mobile,crypto,At Risk,False,18-25
2730,2023-12-03,MT,desktop,card,At Risk,False,18-25
2731,2023-02-14,LT,mobile,bank_transfer,At Risk,False,26-35
2732,2023-01-14,CZ,desktop,bank_transfer,At Risk,False,18-25
2733,2023-12-08,SK,desktop,bank_transfer,At Risk,False,26-35
2734,2023-02-06,RO,mobile,ewallet,At Risk,False,18-25
2735,2023-01-07,CY,mobile,bank_transfer,At Risk,False,26-35
2736,2024-02-09,MT,desktop,card,At Risk,False,26-35
2737,2024-01-22,UA,desktop,card,At Risk,False,18-25
2738,2023-04-03,CY,desktop,card,At Risk,False,26-35
2739,2023-11-26,LT,desktop,ewallet,At Risk,False,26-35
2740,2024-06-11,RO,mobile,ewallet,At Risk,False,18-25
2741,2024-04-26,SK,mobile,crypto,At Risk,False,36-45
2742,2024-04-08,PL,mobile,bank_transfer,At Risk,False,18-25
2743,2024-06-03,MT,desktop,bank_transfer,At Risk,False,26-35
2744,2023-08-10,RO,mobile,bank_transfer,At Risk,False,26-35
2745,2024-06-14,BG,tablet,bank_transfer,At Risk,False,26-35
2746,2023-04-27,IE,tablet,card,At Risk,False,46+
2747,2023-06-02,BG,desktop,card,At Risk,False,18-25
2748,2024-03-20,LV,mobile,card,At Risk,False,18-25
2749,2023-04-01,HU,desktop,card,At Risk,False,36-45
2750,2024-01-17,IE,tablet,ewallet,At Risk,False,36-45
2751,2023-04-05,BG,mobile,card,At Risk,False,46+
2752,2024-03-24,RO,desktop,ewallet,At Risk,False,46+
2753,2024-03-16,DE,mobile,bank_transfer,At Risk,False,18-25
2754,2023-05-29,HU,desktop,ewallet,At Risk,False,36-45
2755,2024-05-21,LV,desktop,card,At Risk,False,46+
2756,2023-07-09,HU,mobile,ewallet,At Risk,False,26-35
2757,2023-11-22,RO,mobile,card,At Risk,False,26-35
2758,2023-10-02,IE,desktop,ewallet,At Risk,False,18-25
2759,2023-11-19,MT,desktop,ewallet,At Risk,False,26-35
2760,2024-03-06,HR,mobile,crypto,At Risk,False,26-35
2761,2024-02-12,SK,desktop,card,At Risk,False,36-45
2762,2023-08-20,MT,mobile,ewallet,At Risk,False,46+
2763,2024-09-01,PL,desktop,ewallet,At Risk,False,26-35
2764,2024-09-29,LV,tablet,crypto,At Risk,False,26-35
2765,2023-02-16,BG,mobile,bank_transfer,At Risk,False,36-45
2766,2023-09-15,PL,mobile,card,At Risk,False,26-35
2767,2023-06-22,BG,tablet,card,At Risk,False,18-25
2768,2023-01-18,EE,mobile,ewallet,At Risk,False,46+
2769,2023-11-14,CY,mobile,card,At Risk,False,18-25
2770,2023-03-02,DE,desktop,card,At Risk,False,26-35
2771,2023-08-12,HR,mobile,card,At Risk,False,18-25
2772,2023-09-02,SK,mobile,card,At Risk,False,18-25
2773,2023-05-19,RO,mobile,card,At Risk,False,18-25
2774,2024-09-17,PL,desktop,crypto,At Risk,False,36-45
2775,2023-10-04,PL,desktop,card,At Risk,False,46+
2776,2024-01-28,RO,desktop,card,At Risk,False,26-35
2777,2023-06-03,LT,mobile,ewallet,At Risk,False,18-25
2778,2023-06-19,SK,desktop,crypto,At Risk,False,26-35
2779,2023-01-31,SK,desktop,ewallet,At Risk,False,26-35
2780,2023-08-26,HU,mobile,bank_transfer,At Risk,False,46+
2781,2024-03-25,EE,mobile,crypto,At Risk,False,18-25
2782,2023-07-11,LV,mobile,bank_transfer,At Risk,False,18-25
2783,2023-10-07,BG,desktop,bank_transfer,At Risk,False,26-35
2784,2023-04-26,DE,mobile,bank_transfer,At Risk,False,36-45
2785,2024-04-22,LV,desktop,bank_transfer,At Risk,False,46+
2786,2024-05-29,HU,desktop,card,At Risk,False,46+
2787,2024-08-08,RO,mobile,card,At Risk,False,36-45
2788,2024-07-24,HU,mobile,ewallet,At Risk,False,26-35
2789,2024-07-04,UA,mobile,ewallet,At Risk,False,18-25
2790,2023-02-18,LV,desktop,card,At Risk,False,26-35
2791,2023-02-07,CY,mobile,bank_transfer,At Risk,False,36-45
2792,2023-12-06,IE,mobile,card,At Risk,False,36-45
2793,2023-02-23,RO,mobile,ewallet,At Risk,False,18-25
2794,2024-04-06,EE,mobile,bank_transfer,At Risk,False,36-45
2795,2023-07-23,BG,mobile,bank_transfer,At Risk,False,36-45
2796,2024-06-05,SK,mobile,bank_transfer,At Risk,False,36-45
2797,2023-10-09,LT,mobile,card,At Risk,False,46+
2798,2023-05-18,MT,mobile,card,At Risk,False,18-25
2799,2024-06-26,UA,mobile,bank_transfer,At Risk,False,18-25
2800,2023-01-29,PL,mobile,card,At Risk,False,26-35
2801,2023-07-28,LT,desktop,bank_transfer,At Risk,False,36-45
2802,2023-02-01,LT,mobile,ewallet,At Risk,False,36-45
2803,2023-05-11,BG,mobile,ewallet,At Risk,False,26-35
2804,2023-02-06,RO,mobile,bank_transfer,At Risk,False,18-25
2805,2023-08-05,HR,mobile,card,At Risk,False,18-25
2806,2024-09-10,MT,mobile,ewallet,At Risk,False,36-45
2807,2024-08-22,LV,mobile,card,At Risk,False,26-35
2808,2024-08-06,LT,mobile,crypto,At Risk,False,26-35
2809,2024-06-22,DE,mobile,ewallet,At Risk,False,26-35
2810,2023-10-19,UA,desktop,ewallet,At Risk,False,36-45
2811,2023-09-22,DE,mobile,bank_transfer,At Risk,False,46+
2812,2023-01-06,CY,tablet,bank_transfer,At Risk,False,18-25
2813,2024-08-04,EE,desktop,card,At Risk,False,26-35
2814,2023-04-29,LT,desktop,card,At Risk,False,26-35
2815,2023-01-09,MT,mobile,bank_transfer,At Risk,False,26-35
2816,2023-01-24,HU,mobile,card,At Risk,False,18-25
2817,2024-08-25,UA,desktop,bank_transfer,At Risk,False,26-35
2818,2024-02-26,DE,mobile,bank_transfer,At Risk,False,18-25
2819,2023-09-29,PL,mobile,card,At Risk,False,18-25
2820,2024-08-15,CZ,desktop,card,At Risk,False,46+
2821,2024-06-04,MT,desktop,bank_transfer,At Risk,False,26-35
2822,2023-01-29,LT,mobile,card,At Risk,False,36-45
2823,2024-03-07,RO,mobile,card,At Risk,False,26-35
2824,2024-07-05,RO,mobile,bank_transfer,At Risk,False,26-35
2825,2023-08-15,BG,desktop,ewallet,At Risk,False,36-45
2826,2023-05-25,EE,mobile,crypto,At Risk,False,26-35
2827,2024-04-26,UA,mobile,ewallet,At Risk,False,26-35
2828,2023-11-19,EE,desktop,bank_transfer,At Risk,False,36-45
2829,2023-09-24,DE,desktop,card,At Risk,False,18-25
2830,2024-03-19,LT,desktop,bank_transfer,At Risk,False,26-35
2831,2023-01-03,HU,mobile,ewallet,At Risk,False,26-35
2832,2024-03-29,RO,desktop,card,At Risk,False,36-45
2833,2024-08-20,RO,mobile,card,At Risk,False,26-35
2834,2024-07-23,HU,desktop,card,At Risk,False,18-25
2835,2024-05-18,MT,mobile,bank_transfer,At Risk,False,26-35
2836,2024-07-24,PL,mobile,card,At Risk,False,46+
2837,2024-04-12,EE,mobile,ewallet,At Risk,False,26-35
2838,2024-03-01,DE,mobile,bank_transfer,At Risk,False,26-35
2839,2023-02-17,HR,desktop,card,At Risk,False,26-35
2840,2023-05-12,RO,mobile,ewallet,At Risk,False,36-45
2841,2024-01-31,BG,mobile,ewallet,At Risk,False,26-35
2842,2024-08-01,RO,mobile,card,At Risk,False,36-45
2843,2024-02-22,LT,desktop,bank_transfer,At Risk,False,18-25
2844,2023-06-04,SK,tablet,ewallet,At Risk,False,26-35
2845,2023-07-16,CZ,mobile,ewallet,At Risk,False,18-25
2846,2024-03-11,PL,mobile,card,At Risk,False,26-35
2847,2024-05-12,UA,mobile,crypto,At Risk,False,18-25
2848,2023-10-16,LV,mobile,card,At Risk,False,36-45
2849,2024-05-21,DE,mobile,ewallet,At Risk,False,18-25
2850,2023-04-25,HU,tablet,card,At Risk,False,36-45
2851,2024-08-17,HR,desktop,ewallet,At Risk,False,18-25
2852,2023-03-12,BG,mobile,card,At Risk,False,18-25
2853,2023-08-17,IE,desktop,bank_transfer,At Risk,False,46+
2854,2024-09-23,HR,desktop,ewallet,At Risk,False,26-35
2855,2023-12-24,PL,mobile,card,At Risk,False,26-35
2856,2023-08-03,SK,mobile,card,At Risk,False,26-35
2857,2023-01-14,MT,mobile,card,At Risk,False,26-35
2858,2023-07-17,SK,desktop,ewallet,At Risk,False,18-25
2859,2023-10-28,LV,mobile,card,At Risk,False,26-35
2860,2023-01-24,HU,tablet,card,At Risk,False,26-35
2861,2023-10-18,CZ,mobile,card,At Risk,False,18-25
2862,2024-04-09,EE,tablet,card,At Risk,False,36-45
2863,2023-12-21,SK,mobile,ewallet,At Risk,False,18-25
2864,2024-05-22,LV,mobile,card,At Risk,False,46+
2865,2024-01-12,IE,mobile,crypto,At Risk,False,18-25
2866,2023-05-18,HU,desktop,bank_transfer,At Risk,False,26-35
2867,2023-07-19,CZ,desktop,card,At Risk,False,46+
2868,2024-04-25,PL,tablet,ewallet,At Risk,False,36-45
2869,2024-03-26,DE,mobile,card,At Risk,False,26-35
2870,2023-12-01,CY,desktop,bank_transfer,At Risk,False,26-35
2871,2024-03-19,PL,desktop,card,At Risk,False,46+
2872,2023-10-29,HU,desktop,card,At Risk,False,18-25
2873,2023-07-24,DE,mobile,ewallet,At Risk,False,18-25
2874,2024-03-17,IE,mobile,card,At Risk,False,36-45
2875,2023-10-30,LV,desktop,bank_transfer,At Risk,False,36-45
2876,2024-09-13,HU,mobile,bank_transfer,At Risk,False,46+
2877,2023-03-01,PL,tablet,card,At Risk,False,18-25
2878,2023-09-11,MT,mobile,crypto,At Risk,False,26-35
2879,2023-08-29,LT,mobile,ewallet,At Risk,False,26-35
2880,2024-05-27,CY,mobile,ewallet,At Risk,False,36-45
2881,2023-08-30,RO,mobile,card,At Risk,False,46+
2882,2023-11-26,LT,desktop,ewallet,At Risk,False,36-45
2883,2024-07-26,RO,mobile,bank_transfer,At Risk,False,36-45
2884,2024-06-14,LV,mobile,card,At Risk,False,36-45
2885,2023-03-15,PL,desktop,card,At Risk,False,46+
2886,2024-07-09,HR,mobile,card,At Risk,False,46+
2887,2024-05-03,HR,tablet,ewallet,At Risk,False,36-45
2888,2024-05-08,SK,mobile,card,At Risk,False,46+
2889,2023-11-09,IE,mobile,card,At Risk,False,26-35
2890,2024-07-04,SK,mobile,ewallet,At Risk,False,18-25
2891,2023-01-01,CY,tablet,bank_transfer,At Risk,False,26-35
2892,2023-10-07,DE,mobile,card,At Risk,False,26-35
2893,2023-07-29,LV,mobile,card,At Risk,False,26-35
2894,2023-02-27,LV,mobile,crypto,At Risk,False,18-25
2895,2023-07-01,IE,desktop,card,At Risk,False,26-35
2896,2023-09-03,LV,desktop,bank_transfer,At Risk,False,18-25
2897,2023-07-20,LT,desktop,card,At Risk,False,18-25
2898,2024-04-15,DE,mobile,ewallet,At Risk,False,26-35
2899,2024-07-20,MT,mobile,crypto,At Risk,False,18-25
2900,2023-03-30,RO,mobile,card,At Risk,False,36-45
2901,2023-01-10,HR,desktop,card,At Risk,False,26-35
2902,2023-11-01,CZ,mobile,card,At Risk,False,26-35
2903,2023-02-20,PL,mobile,ewallet,At Risk,False,18-25
2904,2024-05-20,CZ,desktop,card,At Risk,False,26-35
2905,2023-01-01,MT,tablet,crypto,At Risk,False,36-45
2906,2023-03-10,DE,desktop,card,At Risk,False,26-35
2907,2024-09-05,CZ,desktop,card,At Risk,False,18-25
2908,2023-07-23,MT,desktop,card,At Risk,False,36-45
2909,2023-10-31,HU,desktop,ewallet,At Risk,False,36-45
2910,2023-06-21,UA,mobile,card,At Risk,False,18-25
2911,2024-04-22,RO,desktop,card,At Risk,False,26-35
2912,2023-02-26,HR,mobile,crypto,At Risk,False,18-25
2913,2024-01-31,EE,mobile,card,At Risk,False,46+
2914,2023-07-15,RO,mobile,bank_transfer,At Risk,False,36-45
2915,2023-02-02,HU,desktop,ewallet,At Risk,False,26-35
2916,2024-06-01,MT,mobile,ewallet,At Risk,False,26-35
2917,2023-01-25,HR,mobile,card,At Risk,False,26-35
2918,2023-11-24,DE,mobile,card,At Risk,False,18-25
2919,2023-01-12,EE,desktop,bank_transfer,At Risk,False,36-45
2920,2023-12-28,IE,mobile,card,At Risk,False,36-45
2921,2023-10-01,PL,desktop,bank_transfer,At Risk,False,36-45
2922,2024-05-28,PL,desktop,ewallet,At Risk,False,36-45
2923,2024-01-24,SK,mobile,card,At Risk,False,26-35
2924,2023-02-17,BG,desktop,card,At Risk,False,26-35
2925,2024-07-19,LV,mobile,ewallet,At Risk,False,18-25
2926,2024-05-15,LV,mobile,card,At Risk,False,26-35
2927,2023-08-19,HU,mobile,card,At Risk,False,26-35
2928,2023-01-03,HR,desktop,card,At Risk,False,26-35
2929,2024-06-01,BG,tablet,ewallet,At Risk,False,46+
2930,2023-01-25,MT,desktop,card,At Risk,False,36-45
2931,2023-04-22,BG,desktop,card,At Risk,False,26-35
2932,2023-07-16,CY,desktop,ewallet,At Risk,False,46+
2933,2023-03-16,EE,mobile,card,At Risk,False,26-35
2934,2023-02-12,PL,mobile,card,At Risk,False,36-45
2935,2024-01-11,DE,desktop,ewallet,At Risk,False,36-45
2936,2023-05-23,RO,mobile,card,At Risk,False,18-25
2937,2023-04-09,LT,mobile,card,At Risk,False,46+
2938,2024-04-21,PL,desktop,ewallet,At Risk,False,26-35
2939,2024-03-27,HU,mobile,card,At Risk,False,46+
2940,2024-09-03,HU,desktop,bank_transfer,At Risk,False,18-25
2941,2023-04-28,LT,desktop,ewallet,At Risk,False,26-35
2942,2023-07-15,HR,mobile,bank_transfer,At Risk,False,36-45
2943,2024-07-03,RO,desktop,crypto,At Risk,False,26-35
2944,2023-09-29,DE,desktop,bank_transfer,At Risk,False,26-35
2945,2023-08-16,IE,desktop,bank_transfer,At Risk,False,18-25
2946,2024-07-10,CY,desktop,card,At Risk,False,18-25
2947,2023-10-06,MT,desktop,crypto,At Risk,False,36-45
2948,2023-11-09,HR,desktop,card,At Risk,False,26-35
2949,2023-09-13,LT,mobile,ewallet,At Risk,False,26-35
2950,2024-09-15,EE,mobile,bank_transfer,At Risk,False,18-25
2951,2023-11-30,DE,mobile,card,At Risk,False,26-35
2952,2023-01-02,MT,desktop,card,At Risk,False,36-45
2953,2024-03-22,DE,mobile,card,At Risk,False,46+
2954,2023-12-22,BG,desktop,crypto,At Risk,False,26-35
2955,2023-06-21,HR,desktop,crypto,At Risk,False,18-25
2956,2024-04-03,IE,tablet,card,At Risk,False,36-45
2957,2023-10-27,CY,desktop,card,At Risk,False,36-45
2958,2023-12-15,UA,mobile,bank_transfer,At Risk,False,26-35
2959,2024-07-05,CY,mobile,bank_transfer,At Risk,False,26-35
2960,2024-04-20,PL,desktop,bank_transfer,At Risk,False,36-45
2961,2023-10-05,HR,mobile,card,At Risk,False,36-45
2962,2024-06-10,DE,mobile,card,At Risk,False,36-45
2963,2023-08-21,SK,mobile,crypto,At Risk,False,26-35
2964,2023-10-06,DE,mobile,card,At Risk,False,26-35
2965,2023-07-08,DE,desktop,bank_transfer,At Risk,False,26-35
2966,2024-04-09,RO,mobile,card,At Risk,False,36-45
2967,2023-11-13,IE,mobile,ewallet,At Risk,False,36-45
2968,2024-01-29,LV,mobile,bank_transfer,At Risk,False,36-45
2969,2024-03-31,CZ,mobile,bank_transfer,At Risk,False,46+
2970,2023-04-02,RO,desktop,bank_transfer,At Risk,False,36-45
2971,2024-01-15,HR,mobile,card,At Risk,False,46+
2972,2023-10-09,IE,desktop,crypto,At Risk,False,18-25
2973,2024-02-14,SK,desktop,card,At Risk,False,18-25
2974,2023-11-20,CY,desktop,bank_transfer,At Risk,False,36-45
2975,2023-11-03,PL,mobile,card,At Risk,False,18-25
2976,2023-06-20,SK,mobile,card,At Risk,False,46+
2977,2024-09-29,CZ,mobile,card,At Risk,False,36-45
2978,2023-10-29,LT,mobile,card,At Risk,False,26-35
2979,2024-01-05,HR,desktop,bank_transfer,At Risk,False,18-25
2980,2023-06-18,SK,desktop,card,At Risk,False,36-45
2981,2023-07-10,DE,desktop,card,At Risk,False,26-35
2982,2023-01-03,LT,mobile,crypto,At Risk,False,26-35
2983,2023-06-01,SK,desktop,card,At Risk,False,26-35
2984,2024-08-07,EE,mobile,crypto,At Risk,False,36-45
2985,2024-08-28,HR,mobile,ewallet,At Risk,False,18-25
2986,2023-12-15,PL,mobile,card,At Risk,False,26-35
2987,2024-03-16,HR,desktop,card,At Risk,False,26-35
2988,2024-07-26,LT,desktop,bank_transfer,At Risk,False,18-25
2989,2024-08-08,DE,desktop,crypto,At Risk,False,36-45
2990,2023-09-11,EE,mobile,ewallet,At Risk,False,26-35
2991,2023-11-19,EE,mobile,card,At Risk,False,26-35
2992,2024-07-05,DE,mobile,card,At Risk,False,26-35
2993,2023-01-08,DE,desktop,card,At Risk,False,18-25
2994,2024-05-06,LT,mobile,card,At Risk,False,18-25
2995,2024-07-24,EE,tablet,card,At Risk,False,36-45
2996,2024-07-27,LV,desktop,card,At Risk,False,36-45
2997,2023-03-27,IE,mobile,crypto,At Risk,False,36-45
2998,2023-03-24,EE,mobile,bank_transfer,At Risk,False,46+
2999,2024-02-25,RO,desktop,ewallet,At Risk,False,26-35
3000,2023-10-08,CY,desktop,bank_transfer,At Risk,False,36-45
3001,2023-04-27,IE,mobile,card,At Risk,False,36-45
3002,2023-08-23,EE,desktop,ewallet,At Risk,False,26-35
3003,2024-08-08,UA,mobile,ewallet,At Risk,False,26-35
3004,2023-02-24,CY,desktop,card,At Risk,False,26-35
3005,2023-11-09,CY,mobile,card,At Risk,False,36-45
3006,2024-08-11,UA,desktop,crypto,At Risk,False,46+
3007,2024-02-05,PL,mobile,bank_transfer,At Risk,False,46+
3008,2024-04-24,UA,mobile,crypto,At Risk,False,36-45
3009,2023-03-12,LT,mobile,bank_transfer,At Risk,False,18-25
3010,2023-03-12,MT,mobile,ewallet,At Risk,False,18-25
3011,2024-09-08,EE,desktop,ewallet,At Risk,False,26-35
3012,2023-08-11,SK,tablet,crypto,At Risk,False,26-35
3013,2024-06-04,LT,desktop,card,At Risk,False,36-45
3014,2023-04-13,CZ,desktop,card,At Risk,False,26-35
3015,2023-12-18,MT,desktop,card,At Risk,False,46+
3016,2023-12-07,EE,mobile,ewallet,At Risk,False,46+
3017,2023-05-11,BG,mobile,ewallet,At Risk,False,36-45
3018,2023-09-10,EE,mobile,bank_transfer,At Risk,False,36-45
3019,2024-04-03,LT,desktop,card,At Risk,False,18-25
3020,2023-05-03,UA,desktop,card,At Risk,False,46+
3021,2023-10-24,HU,mobile,card,At Risk,False,26-35
3022,2023-12-31,IE,desktop,bank_transfer,At Risk,False,36-45
3023,2023-09-10,LT,mobile,card,At Risk,False,36-45
3024,2023-09-27,HR,mobile,bank_transfer,At Risk,False,26-35
3025,2023-04-21,SK,desktop,bank_transfer,At Risk,False,46+
3026,2023-10-03,LT,mobile,bank_transfer,At Risk,False,18-25
3027,2023-05-01,SK,desktop,card,At Risk,False,36-45
3028,2024-06-01,HU,mobile,card,At Risk,False,26-35
3029,2023-02-17,CZ,desktop,ewallet,At Risk,False,36-45
3030,2023-02-15,MT,desktop,ewallet,At Risk,False,26-35
3031,2024-03-02,MT,mobile,crypto,At Risk,False,46+
3032,2023-03-17,LT,desktop,card,At Risk,False,18-25
3033,2023-04-29,BG,mobile,bank_transfer,At Risk,False,26-35
3034,2024-07-17,SK,mobile,bank_transfer,At Risk,False,46+
3035,2023-01-06,HU,mobile,card,At Risk,False,46+
3036,2024-05-12,PL,desktop,bank_transfer,At Risk,False,36-45
3037,2024-03-19,LV,mobile,ewallet,At Risk,False,36-45
3038,2023-06-01,UA,mobile,card,At Risk,False,46+
3039,2023-06-04,DE,desktop,card,At Risk,False,46+
3040,2024-02-11,HU,desktop,bank_transfer,At Risk,False,26-35
3041,2024-04-05,BG,desktop,ewallet,At Risk,False,46+
3042,2024-03-22,HU,desktop,card,At Risk,False,26-35
3043,2023-11-24,HU,mobile,card,At Risk,False,36-45
3044,2024-06-06,CZ,mobile,ewallet,At Risk,False,18-25
3045,2024-01-26,RO,mobile,bank_transfer,At Risk,False,36-45
3046,2023-08-03,EE,mobile,bank_transfer,At Risk,False,18-25
3047,2023-08-07,DE,tablet,ewallet,At Risk,False,26-35
3048,2024-03-25,RO,desktop,card,At Risk,False,18-25
3049,2023-03-15,CY,mobile,card,At Risk,False,36-45
3050,2023-04-26,LV,mobile,ewallet,At Risk,False,46+
3051,2023-05-01,RO,mobile,ewallet,At Risk,False,18-25
3052,2024-01-03,LV,mobile,bank_transfer,At Risk,False,36-45
3053,2023-11-29,CY,desktop,bank_transfer,At Risk,False,26-35
3054,2024-06-05,RO,desktop,ewallet,At Risk,False,26-35
3055,2023-07-08,BG,desktop,bank_transfer,At Risk,False,18-25
3056,2024-09-22,DE,mobile,ewallet,At Risk,False,18-25
3057,2023-11-16,MT,desktop,ewallet,At Risk,False,36-45
3058,2023-10-28,RO,desktop,card,At Risk,False,18-25
3059,2023-08-06,HR,mobile,bank_transfer,At Risk,False,46+
3060,2024-03-04,HR,desktop,bank_transfer,At Risk,False,36-45
3061,2023-05-06,PL,mobile,bank_transfer,At Risk,False,18-25
3062,2024-06-15,RO,desktop,card,At Risk,False,26-35
3063,2024-02-13,CZ,mobile,bank_transfer,At Risk,False,18-25
3064,2024-05-05,HU,mobile,card,At Risk,False,18-25
3065,2023-10-10,PL,tablet,ewallet,At Risk,False,36-45
3066,2024-09-23,SK,desktop,ewallet,At Risk,False,26-35
3067,2024-01-01,HU,desktop,crypto,At Risk,False,26-35
3068,2023-01-23,CZ,mobile,card,At Risk,False,26-35
3069,2023-01-19,DE,mobile,crypto,At Risk,False,36-45
3070,2024-04-06,PL,mobile,ewallet,At Risk,False,36-45
3071,2024-09-23,UA,mobile,ewallet,At Risk,False,26-35
3072,2023-11-27,SK,mobile,card,At Risk,False,26-35
3073,2024-10-01,BG,mobile,bank_transfer,At Risk,False,26-35
3074,2024-03-11,CY,desktop,bank_transfer,At Risk,False,46+
3075,2023-07-28,EE,mobile,bank_transfer,At Risk,False,18-25
3076,2024-07-30,BG,desktop,bank_transfer,At Risk,False,26-35
3077,2023-12-30,CZ,mobile,ewallet,At Risk,False,36-45
3078,2023-06-09,CY,mobile,card,At Risk,False,26-35
3079,2024-07-10,IE,mobile,card,At Risk,False,46+
3080,2024-01-10,DE,mobile,ewallet,At Risk,False,26-35
3081,2024-06-27,CY,desktop,card,At Risk,False,26-35
3082,2023-10-25,RO,tablet,ewallet,At Risk,False,36-45
3083,2023-02-13,IE,mobile,card,At Risk,False,46+
3084,2023-03-29,EE,desktop,bank_transfer,At Risk,False,46+
3085,2023-04-03,LV,desktop,card,At Risk,False,26-35
3086,2023-04-04,RO,tablet,ewallet,At Risk,False,18-25
3087,2024-05-29,CZ,desktop,card,At Risk,False,26-35
3088,2023-06-09,MT,desktop,card,At Risk,False,26-35
3089,2023-12-24,DE,tablet,card,At Risk,False,26-35
3090,2023-05-27,HU,mobile,ewallet,At Risk,False,18-25
3091,2024-02-05,HR,desktop,ewallet,At Risk,False,26-35
3092,2023-02-15,HU,mobile,crypto,At Risk,False,18-25
3093,2023-04-23,HU,mobile,card,At Risk,False,36-45
3094,2023-04-28,IE,desktop,bank_transfer,At Risk,False,36-45
3095,2024-08-19,SK,desktop,card,At Risk,False,26-35
3096,2023-10-05,HU,desktop,card,At Risk,False,18-25
3097,2024-08-28,UA,desktop,card,At Risk,False,36-45
3098,2023-08-09,PL,desktop,bank_transfer,At Risk,False,26-35
3099,2024-05-09,BG,mobile,crypto,At Risk,False,36-45
3100,2024-05-30,HR,mobile,ewallet,At Risk,False,26-35
3101,2023-05-31,HU,mobile,bank_transfer,At Risk,False,36-45
3102,2023-10-17,CZ,desktop,card,At Risk,False,36-45
3103,2023-03-10,CZ,desktop,bank_transfer,At Risk,False,26-35
3104,2024-03-15,EE,desktop,card,At Risk,False,18-25
3105,2023-09-15,RO,mobile,card,At Risk,False,18-25
3106,2023-12-16,UA,desktop,crypto,At Risk,False,26-35
3107,2024-07-29,UA,desktop,card,At Risk,False,46+
3108,2023-04-05,SK,desktop,card,At Risk,False,26-35
3109,2023-05-08,HU,desktop,card,At Risk,False,46+
3110,2023-08-03,EE,desktop,ewallet,At Risk,False,46+
3111,2024-07-21,IE,mobile,ewallet,At Risk,False,26-35
3112,2023-05-28,CY,mobile,card,At Risk,False,26-35
3113,2024-04-19,LT,mobile,bank_transfer,At Risk,False,46+
3114,2024-07-10,LT,mobile,ewallet,At Risk,False,18-25
3115,2024-08-29,HU,mobile,card,At Risk,False,26-35
3116,2023-03-08,SK,mobile,card,At Risk,False,18-25
3117,2024-04-17,HR,mobile,ewallet,At Risk,False,46+
3118,2024-03-09,UA,desktop,bank_transfer,At Risk,False,36-45
3119,2024-09-01,CY,tablet,crypto,At Risk,False,26-35
3120,2024-02-22,PL,desktop,ewallet,At Risk,False,18-25
3121,2023-06-07,BG,desktop,ewallet,At Risk,False,26-35
3122,2023-12-04,DE,mobile,card,At Risk,False,26-35
3123,2024-02-03,IE,desktop,card,At Risk,False,26-35
3124,2024-08-11,SK,desktop,ewallet,At Risk,False,26-35
3125,2024-07-13,LV,mobile,ewallet,At Risk,False,36-45
3126,2023-09-06,RO,mobile,crypto,At Risk,False,36-45
3127,2023-06-20,MT,mobile,bank_transfer,At Risk,False,46+
3128,2024-08-17,BG,tablet,crypto,At Risk,False,36-45
3129,2023-11-10,RO,mobile,card,At Risk,False,46+
3130,2023-10-23,UA,mobile,ewallet,At Risk,False,46+
3131,2024-07-11,BG,tablet,bank_transfer,At Risk,False,26-35
3132,2024-09-13,UA,tablet,card,At Risk,False,18-25
3133,2024-08-01,EE,desktop,bank_transfer,At Risk,False,18-25
3134,2024-09-08,HR,mobile,crypto,At Risk,False,36-45
3135,2023-09-16,CZ,desktop,ewallet,At Risk,False,46+
3136,2023-09-16,RO,mobile,bank_transfer,At Risk,False,26-35
3137,2024-03-28,HR,mobile,bank_transfer,At Risk,False,26-35
3138,2023-10-16,SK,mobile,card,At Risk,False,18-25
3139,2024-04-05,PL,desktop,card,At Risk,False,18-25
3140,2023-03-31,BG,tablet,card,At Risk,False,46+
3141,2023-12-17,HR,desktop,bank_transfer,At Risk,False,18-25
3142,2024-01-25,HU,desktop,ewallet,At Risk,False,26-35
3143,2023-03-14,MT,mobile,crypto,At Risk,False,36-45
3144,2024-05-03,HR,mobile,ewallet,At Risk,False,46+
3145,2024-05-25,SK,mobile,ewallet,At Risk,False,36-45
3146,2024-04-19,CY,mobile,ewallet,At Risk,False,26-35
3147,2024-01-02,EE,desktop,card,At Risk,False,46+
3148,2024-06-29,LT,desktop,bank_transfer,At Risk,False,26-35
3149,2023-05-20,EE,desktop,card,At Risk,False,46+
3150,2023-03-29,PL,tablet,ewallet,At Risk,False,26-35
3151,2024-02-23,DE,mobile,ewallet,At Risk,False,26-35
3152,2024-04-03,PL,tablet,card,At Risk,False,26-35
3153,2024-02-11,BG,mobile,ewallet,At Risk,False,46+
3154,2024-09-28,RO,mobile,bank_transfer,At Risk,False,26-35
3155,2023-09-15,MT,tablet,card,At Risk,False,36-45
3156,2024-06-26,RO,mobile,bank_transfer,At Risk,False,36-45
3157,2024-05-08,HR,mobile,card,At Risk,False,26-35
3158,2024-07-21,RO,mobile,card,At Risk,False,46+
3159,2023-08-31,MT,mobile,ewallet,At Risk,False,18-25
3160,2023-09-26,DE,mobile,crypto,At Risk,False,18-25
3161,2023-01-31,CZ,desktop,card,At Risk,False,26-35
3162,2023-09-23,EE,mobile,card,At Risk,False,46+
3163,2024-07-25,HR,mobile,card,At Risk,False,46+
3164,2023-10-04,BG,mobile,ewallet,At Risk,False,26-35
3165,2024-02-01,HR,mobile,card,At Risk,False,26-35
3166,2024-09-04,UA,mobile,ewallet,At Risk,False,36-45
3167,2024-09-25,UA,mobile,ewallet,At Risk,False,26-35
3168,2024-03-15,UA,tablet,ewallet,At Risk,False,26-35
3169,2023-11-23,DE,desktop,bank_transfer,At Risk,False,26-35
3170,2024-07-08,LV,desktop,card,At Risk,False,18-25
3171,2024-08-14,RO,mobile,bank_transfer,At Risk,False,18-25
3172,2024-06-06,MT,mobile,ewallet,At Risk,False,18-25
3173,2024-07-22,HU,desktop,ewallet,At Risk,False,18-25
3174,2024-03-02,HR,desktop,bank_transfer,At Risk,False,26-35
3175,2023-02-09,HU,mobile,bank_transfer,At Risk,False,18-25
3176,2023-08-20,DE,mobile,bank_transfer,At Risk,False,26-35
3177,2023-09-28,EE,mobile,card,At Risk,False,36-45
3178,2023-04-17,IE,desktop,bank_transfer,At Risk,False,36-45
3179,2024-06-29,HR,tablet,card,At Risk,False,26-35
3180,2023-02-19,DE,mobile,card,At Risk,False,36-45
3181,2024-08-24,RO,mobile,card,At Risk,False,46+
3182,2023-06-03,IE,desktop,crypto,At Risk,False,46+
3183,2023-11-27,EE,mobile,card,At Risk,False,26-35
3184,2024-08-03,RO,mobile,ewallet,At Risk,False,18-25
3185,2024-04-08,DE,desktop,card,At Risk,False,18-25
3186,2023-04-01,BG,mobile,bank_transfer,At Risk,False,18-25
3187,2023-08-08,EE,mobile,ewallet,At Risk,False,18-25
3188,2023-04-04,LV,mobile,crypto,At Risk,False,46+
3189,2023-12-06,CY,mobile,card,At Risk,False,36-45
3190,2023-04-29,SK,mobile,crypto,At Risk,False,36-45
3191,2024-06-22,EE,mobile,ewallet,At Risk,False,36-45
3192,2024-01-12,RO,desktop,card,At Risk,False,36-45
3193,2024-08-12,HR,tablet,bank_transfer,At Risk,False,26-35
3194,2024-05-29,CY,mobile,ewallet,At Risk,False,46+
3195,2024-06-25,HR,mobile,card,At Risk,False,36-45
3196,2024-01-19,HR,desktop,card,At Risk,False,26-35
3197,2023-05-23,HU,mobile,card,At Risk,False,26-35
3198,2024-08-24,LV,mobile,card,At Risk,False,36-45
3199,2023-07-18,EE,desktop,bank_transfer,At Risk,False,18-25
3200,2024-01-14,SK,mobile,card,At Risk,False,18-25
3201,2024-07-21,HU,mobile,bank_transfer,At Risk,False,18-25
3202,2024-04-15,CY,mobile,card,At Risk,False,26-35
3203,2024-09-18,UA,desktop,card,At Risk,False,36-45
3204,2024-02-18,RO,desktop,card,At Risk,False,18-25
3205,2023-07-20,RO,mobile,ewallet,At Risk,False,26-35
3206,2023-04-10,LT,mobile,ewallet,At Risk,False,26-35
3207,2023-08-27,PL,mobile,bank_transfer,At Risk,False,18-25
3208,2024-02-20,BG,mobile,card,At Risk,False,36-45
3209,2023-05-14,EE,desktop,card,At Risk,False,46+
3210,2024-03-07,SK,mobile,ewallet,At Risk,False,36-45
3211,2023-04-29,MT,mobile,ewallet,At Risk,False,36-45
3212,2024-01-14,IE,mobile,ewallet,At Risk,False,18-25
3213,2024-01-07,LV,desktop,ewallet,At Risk,False,26-35
3214,2023-11-17,CY,mobile,bank_transfer,At Risk,False,26-35
3215,2024-08-11,LV,mobile,ewallet,At Risk,False,26-35
3216,2023-12-05,LT,mobile,bank_transfer,At Risk,False,18-25
3217,2024-05-10,UA,mobile,bank_transfer,At Risk,False,26-35
3218,2023-05-27,EE,desktop,ewallet,At Risk,False,26-35
3219,2023-02-07,HU,mobile,card,At Risk,False,26-35
3220,2023-07-03,SK,desktop,card,At Risk,False,18-25
3221,2023-07-26,LT,mobile,crypto,At Risk,False,18-25
3222,2023-07-24,MT,mobile,card,At Risk,False,18-25
3223,2023-11-30,MT,mobile,card,At Risk,False,18-25
3224,2023-03-23,EE,desktop,bank_transfer,At Risk,False,18-25
3225,2024-03-21,EE,mobile,crypto,At Risk,False,46+
3226,2024-07-06,CZ,mobile,card,At Risk,False,36-45
3227,2023-06-26,LV,mobile,bank_transfer,At Risk,False,26-35
3228,2023-08-20,UA,desktop,ewallet,At Risk,False,46+
3229,2024-09-19,EE,desktop,bank_transfer,At Risk,False,46+
3230,2024-04-15,HU,tablet,ewallet,At Risk,False,36-45
3231,2023-06-10,DE,mobile,ewallet,At Risk,False,18-25
3232,2024-01-05,HR,mobile,card,At Risk,False,26-35
3233,2024-08-31,LT,mobile,card,At Risk,False,26-35
3234,2023-12-25,LV,mobile,card,At Risk,False,36-45
3235,2024-06-05,EE,mobile,card,At Risk,False,26-35
3236,2023-06-08,MT,desktop,card,At Risk,False,26-35
3237,2023-03-04,CY,mobile,ewallet,At Risk,False,46+
3238,2024-03-18,BG,desktop,crypto,At Risk,False,26-35
3239,2024-09-10,DE,mobile,card,At Risk,False,26-35
3240,2023-09-23,CY,mobile,bank_transfer,At Risk,False,18-25
3241,2023-10-31,LT,mobile,card,At Risk,False,18-25
3242,2024-01-28,CZ,desktop,bank_transfer,At Risk,False,36-45
3243,2023-04-08,UA,mobile,crypto,At Risk,False,18-25
3244,2023-02-06,EE,mobile,card,At Risk,False,18-25
3245,2023-01-27,LV,mobile,bank_transfer,At Risk,False,46+
3246,2023-10-24,PL,mobile,card,At Risk,False,36-45
3247,2024-09-17,CZ,desktop,card,At Risk,False,36-45
3248,2023-10-22,UA,desktop,card,At Risk,False,36-45
3249,2023-10-23,HU,desktop,card,At Risk,False,26-35
3250,2024-02-09,RO,mobile,crypto,At Risk,False,18-25
3251,2024-06-06,BG,desktop,card,Hibernating,False,26-35
3252,2023-02-11,DE,mobile,bank_transfer,Hibernating,False,18-25
3253,2023-10-25,BG,mobile,card,Hibernating,False,26-35
3254,2023-10-21,LV,mobile,ewallet,Hibernating,False,18-25
3255,2023-10-17,CZ,mobile,bank_transfer,Hibernating,False,36-45
3256,2023-07-06,BG,mobile,ewallet,Hibernating,False,36-45
3257,2024-08-05,HR,desktop,card,Hibernating,False,46+
3258,2024-06-20,MT,desktop,bank_transfer,Hibernating,False,18-25
3259,2023-07-11,EE,desktop,card,Hibernating,False,36-45
3260,2023-04-21,IE,mobile,bank_transfer,Hibernating,False,18-25
3261,2023-01-29,HU,mobile,ewallet,Hibernating,False,26-35
3262,2023-04-10,CY,tablet,ewallet,Hibernating,False,36-45
3263,2024-02-07,CY,desktop,crypto,Hibernating,False,36-45
3264,2023-11-22,LV,mobile,bank_transfer,Hibernating,False,18-25
3265,2024-05-30,LV,desktop,ewallet,Hibernating,False,18-25
3266,2023-02-19,UA,mobile,ewallet,Hibernating,False,18-25
3267,2023-04-22,LV,desktop,ewallet,Hibernating,False,26-35
3268,2023-01-23,DE,mobile,card,Hibernating,False,26-35
3269,2023-07-08,HR,desktop,card,Hibernating,False,26-35
3270,2024-04-28,CZ,mobile,card,Hibernating,False,26-35
3271,2023-11-13,HR,desktop,card,Hibernating,False,36-45
3272,2023-01-17,RO,mobile,ewallet,Hibernating,False,46+
3273,2024-05-14,LT,mobile,ewallet,Hibernating,False,18-25
3274,2023-08-24,HU,mobile,card,Hibernating,False,46+
3275,2024-03-06,HR,mobile,card,Hibernating,False,36-45
3276,2023-01-04,BG,mobile,ewallet,Hibernating,False,36-45
3277,2024-07-17,RO,mobile,ewallet,Hibernating,False,36-45
3278,2023-10-04,DE,mobile,card,Hibernating,False,18-25
3279,2023-01-08,HU,mobile,card,Hibernating,False,18-25
3280,2023-02-22,IE,desktop,ewallet,Hibernating,False,36-45
3281,2023-12-22,HR,desktop,card,Hibernating,False,36-45
3282,2024-02-04,RO,mobile,bank_transfer,Hibernating,False,46+
3283,2024-09-26,HR,mobile,ewallet,Hibernating,False,18-25
3284,2024-07-11,RO,mobile,card,Hibernating,False,18-25
3285,2023-09-14,LT,mobile,card,Hibernating,False,46+
3286,2024-03-20,MT,mobile,card,Hibernating,False,26-35
3287,2024-04-01,CY,mobile,bank_transfer,Hibernating,False,46+
3288,2023-11-29,LV,mobile,bank_transfer,Hibernating,False,18-25
3289,2024-07-27,LT,mobile,card,Hibernating,False,46+
3290,2024-07-04,LT,desktop,card,Hibernating,False,26-35
3291,2024-03-12,MT,tablet,card,Hibernating,False,26-35
3292,2023-08-15,LV,desktop,card,Hibernating,False,18-25
3293,2024-09-16,SK,mobile,ewallet,Hibernating,False,36-45
3294,2024-07-04,EE,mobile,ewallet,Hibernating,False,36-45
3295,2023-12-03,HU,desktop,card,Hibernating,False,18-25
3296,2024-01-21,CZ,desktop,card,Hibernating,False,26-35
3297,2023-11-29,CZ,mobile,ewallet,Hibernating,False,36-45
3298,2023-11-16,SK,desktop,card,Hibernating,False,26-35
3299,2024-04-01,HR,mobile,bank_transfer,Hibernating,False,26-35
3300,2024-06-26,SK,mobile,card,Hibernating,False,36-45
3301,2023-09-03,CZ,desktop,bank_transfer,Hibernating,False,18-25
3302,2023-03-27,SK,desktop,card,Hibernating,False,18-25
3303,2023-07-13,MT,desktop,bank_transfer,Hibernating,False,36-45
3304,2024-09-07,SK,mobile,card,Hibernating,False,18-25
3305,2023-09-15,LV,mobile,bank_transfer,Hibernating,False,36-45
3306,2023-04-09,CZ,mobile,bank_transfer,Hibernating,False,36-45
3307,2023-05-08,LV,mobile,crypto,Hibernating,False,36-45
3308,2024-09-27,LV,mobile,card,Hibernating,False,18-25
3309,2023-01-22,HU,desktop,bank_transfer,Hibernating,False,36-45
3310,2024-03-01,RO,mobile,card,Hibernating,False,46+
3311,2023-04-16,HU,desktop,card,Hibernating,False,18-25
3312,2024-09-14,RO,mobile,card,Hibernating,False,26-35
3313,2023-07-24,HR,desktop,card,Hibernating,False,26-35
3314,2024-07-30,IE,mobile,bank_transfer,Hibernating,False,36-45
3315,2024-05-05,IE,desktop,card,Hibernating,False,26-35
3316,2023-02-27,MT,tablet,card,Hibernating,False,18-25
3317,2023-08-02,LV,mobile,card,Hibernating,False,18-25
3318,2024-02-13,SK,mobile,bank_transfer,Hibernating,False,26-35
3319,2024-06-18,SK,desktop,card,Hibernating,False,26-35
3320,2024-05-12,PL,mobile,card,Hibernating,False,26-35
3321,2024-07-27,EE,mobile,bank_transfer,Hibernating,False,36-45
3322,2024-05-18,LT,desktop,card,Hibernating,False,18-25
3323,2024-08-26,HR,mobile,bank_transfer,Hibernating,False,36-45
3324,2024-09-18,BG,mobile,card,Hibernating,False,18-25
3325,2023-01-21,IE,mobile,ewallet,Hibernating,False,36-45
3326,2023-11-08,BG,desktop,crypto,Hibernating,False,36-45
3327,2023-11-18,CY,mobile,bank_transfer,Hibernating,False,26-35
3328,2023-02-18,RO,mobile,bank_transfer,Hibernating,False,26-35
3329,2023-08-06,MT,desktop,card,Hibernating,False,26-35
3330,2023-08-05,MT,desktop,bank_transfer,Hibernating,False,18-25
3331,2023-05-10,DE,mobile,bank_transfer,Hibernating,False,18-25
3332,2024-01-19,SK,tablet,ewallet,Hibernating,False,26-35
3333,2023-02-02,UA,mobile,ewallet,Hibernating,False,36-45
3334,2023-07-12,SK,desktop,ewallet,Hibernating,False,26-35
3335,2023-12-27,LV,mobile,bank_transfer,Hibernating,False,26-35
3336,2024-03-04,PL,desktop,card,Hibernating,False,18-25
3337,2023-09-01,RO,tablet,bank_transfer,Hibernating,False,26-35
3338,2023-07-09,IE,mobile,bank_transfer,Hibernating,False,46+
3339,2024-07-06,HU,desktop,ewallet,Hibernating,False,18-25
3340,2024-09-07,LT,mobile,bank_transfer,Hibernating,False,36-45
3341,2024-03-07,SK,desktop,card,Hibernating,False,26-35
3342,2023-05-10,LV,mobile,ewallet,Hibernating,False,36-45
3343,2024-07-29,HU,desktop,ewallet,Hibernating,False,26-35
3344,2023-12-06,CZ,desktop,card,Hibernating,False,26-35
3345,2023-01-27,CZ,mobile,bank_transfer,Hibernating,False,18-25
3346,2023-03-17,CY,mobile,bank_transfer,Hibernating,False,36-45
3347,2024-07-31,HR,mobile,card,Hibernating,False,36-45
3348,2023-02-04,SK,desktop,card,Hibernating,False,36-45
3349,2023-04-18,IE,tablet,card,Hibernating,False,26-35
3350,2024-01-05,HR,desktop,card,Hibernating,False,18-25
3351,2024-04-26,LV,mobile,bank_transfer,Hibernating,False,36-45
3352,2023-02-03,SK,mobile,ewallet,Hibernating,False,26-35
3353,2023-07-01,DE,mobile,ewallet,Hibernating,False,46+
3354,2024-09-09,PL,desktop,ewallet,Hibernating,False,26-35
3355,2023-05-04,EE,desktop,card,Hibernating,False,46+
3356,2024-04-01,LV,mobile,card,Hibernating,False,46+
3357,2024-09-26,EE,mobile,card,Hibernating,False,36-45
3358,2023-07-04,CZ,desktop,card,Hibernating,False,36-45
3359,2024-09-18,CZ,desktop,bank_transfer,Hibernating,False,46+
3360,2023-12-30,UA,mobile,card,Hibernating,False,26-35
3361,2024-04-11,LT,mobile,card,Hibernating,False,18-25
3362,2023-10-02,IE,tablet,card,Hibernating,False,26-35
3363,2023-01-07,HR,mobile,card,Hibernating,False,26-35
3364,2024-04-27,CZ,mobile,card,Hibernating,False,36-45
3365,2023-11-08,LT,mobile,card,Hibernating,False,26-35
3366,2023-05-25,CZ,mobile,crypto,Hibernating,False,18-25
3367,2023-01-22,UA,desktop,bank_transfer,Hibernating,False,36-45
3368,2023-12-06,PL,mobile,bank_transfer,Hibernating,False,26-35
3369,2023-02-22,BG,mobile,ewallet,Hibernating,False,36-45
3370,2024-05-09,RO,desktop,card,Hibernating,False,36-45
3371,2024-09-16,LV,mobile,card,Hibernating,False,18-25
3372,2024-04-16,HU,mobile,ewallet,Hibernating,False,26-35
3373,2024-06-13,PL,desktop,bank_transfer,Hibernating,False,36-45
3374,2024-03-25,LT,desktop,bank_transfer,Hibernating,False,18-25
3375,2024-05-18,MT,tablet,bank_transfer,Hibernating,False,46+
3376,2024-06-23,DE,tablet,bank_transfer,Hibernating,False,36-45
3377,2023-06-20,UA,mobile,card,Hibernating,False,26-35
3378,2024-02-17,HR,desktop,card,Hibernating,False,36-45
3379,2023-09-11,IE,desktop,card,Hibernating,False,26-35
3380,2024-02-24,DE,mobile,card,Hibernating,False,18-25
3381,2023-01-29,BG,mobile,bank_transfer,Hibernating,False,26-35
3382,2023-03-23,LT,mobile,ewallet,Hibernating,False,26-35
3383,2024-07-25,IE,desktop,card,Hibernating,False,46+
3384,2024-08-13,IE,desktop,bank_transfer,Hibernating,False,26-35
3385,2023-09-19,IE,mobile,ewallet,Hibernating,False,26-35
3386,2023-10-17,HU,mobile,card,Hibernating,False,18-25
3387,2023-07-28,HU,mobile,ewallet,Hibernating,False,26-35
3388,2023-06-10,LT,mobile,card,Hibernating,False,26-35
3389,2023-09-02,CZ,mobile,crypto,Hibernating,False,46+
3390,2024-01-30,MT,desktop,ewallet,Hibernating,False,26-35
3391,2024-04-09,SK,mobile,ewallet,Hibernating,False,18-25
3392,2024-01-07,RO,mobile,card,Hibernating,False,36-45
3393,2023-12-14,SK,mobile,bank_transfer,Hibernating,False,26-35
3394,2024-03-16,LT,desktop,card,Hibernating,False,18-25
3395,2024-03-29,UA,desktop,ewallet,Hibernating,False,26-35
3396,2024-02-01,IE,tablet,card,Hibernating,False,26-35
3397,2024-04-29,MT,mobile,ewallet,Hibernating,False,18-25
3398,2024-09-17,PL,mobile,card,Hibernating,False,26-35
3399,2023-12-15,LT,mobile,card,Hibernating,False,26-35
3400,2024-05-25,EE,mobile,card,Hibernating,False,46+
3401,2023-11-23,CZ,mobile,bank_transfer,Hibernating,False,26-35
3402,2023-03-06,HR,mobile,ewallet,Hibernating,False,36-45
3403,2024-07-27,LV,mobile,bank_transfer,Hibernating,False,46+
3404,2024-06-04,LV,desktop,crypto,Hibernating,False,26-35
3405,2023-08-13,CY,desktop,ewallet,Hibernating,False,36-45
3406,2024-09-22,IE,tablet,card,Hibernating,False,36-45
3407,2024-09-23,UA,desktop,ewallet,Hibernating,False,18-25
3408,2024-03-23,IE,mobile,card,Hibernating,False,36-45
3409,2023-12-12,IE,desktop,ewallet,Hibernating,False,26-35
3410,2024-04-03,DE,mobile,bank_transfer,Hibernating,False,46+
3411,2023-09-04,BG,desktop,crypto,Hibernating,False,26-35
3412,2024-02-16,IE,desktop,bank_transfer,Hibernating,False,26-35
3413,2023-08-26,CY,mobile,card,Hibernating,False,36-45
3414,2023-06-03,DE,mobile,card,Hibernating,False,26-35
3415,2023-11-21,IE,desktop,card,Hibernating,False,18-25
3416,2023-10-08,IE,tablet,ewallet,Hibernating,False,36-45
3417,2023-12-28,UA,mobile,ewallet,Hibernating,False,18-25
3418,2024-04-29,CY,mobile,card,Hibernating,False,36-45
3419,2024-05-13,BG,mobile,card,Hibernating,False,36-45
3420,2023-06-07,MT,mobile,bank_transfer,Hibernating,False,26-35
3421,2024-06-03,HU,mobile,crypto,Hibernating,False,26-35
3422,2024-05-10,DE,mobile,card,Hibernating,False,18-25
3423,2024-09-19,IE,mobile,ewallet,Hibernating,False,26-35
3424,2023-10-27,LV,mobile,bank_transfer,Hibernating,False,18-25
3425,2023-10-04,CY,mobile,card,Hibernating,False,18-25
3426,2023-04-25,IE,tablet,bank_transfer,Hibernating,False,46+
3427,2024-03-12,SK,desktop,card,Hibernating,False,18-25
3428,2023-06-14,IE,desktop,card,Hibernating,False,26-35
3429,2023-09-07,UA,desktop,bank_transfer,Hibernating,False,26-35
3430,2024-06-08,UA,mobile,crypto,Hibernating,False,18-25
3431,2023-09-22,SK,mobile,crypto,Hibernating,False,36-45
3432,2023-06-13,EE,mobile,crypto,Hibernating,False,18-25
3433,2024-04-25,EE,mobile,card,Hibernating,False,18-25
3434,2024-07-25,PL,tablet,crypto,Hibernating,False,26-35
3435,2024-08-20,IE,mobile,card,Hibernating,False,26-35
3436,2023-05-20,RO,mobile,bank_transfer,Hibernating,False,36-45
3437,2024-04-23,SK,mobile,card,Hibernating,False,26-35
3438,2024-08-01,HU,mobile,bank_transfer,Hibernating,False,36-45
3439,2023-03-29,LT,mobile,ewallet,Hibernating,False,26-35
3440,2023-04-09,HR,mobile,ewallet,Hibernating,False,26-35
3441,2023-08-06,HR,desktop,crypto,Hibernating,False,18-25
3442,2023-02-14,HU,mobile,ewallet,Hibernating,False,36-45
3443,2024-04-23,IE,mobile,ewallet,Hibernating,False,26-35
3444,2023-09-02,DE,mobile,card,Hibernating,False,26-35
3445,2024-08-23,CY,desktop,card,Hibernating,False,46+
3446,2024-08-13,HR,mobile,bank_transfer,Hibernating,False,18-25
3447,2023-01-29,HU,desktop,ewallet,Hibernating,False,26-35
3448,2024-04-16,SK,mobile,card,Hibernating,False,46+
3449,2023-01-28,CZ,desktop,ewallet,Hibernating,False,18-25
3450,2023-02-25,MT,mobile,card,Hibernating,False,26-35
3451,2024-09-13,PL,mobile,crypto,Hibernating,False,18-25
3452,2024-09-28,RO,mobile,crypto,Hibernating,False,46+
3453,2023-05-16,DE,desktop,ewallet,Hibernating,False,36-45
3454,2023-07-27,LV,desktop,card,Hibernating,False,18-25
3455,2024-03-29,HU,mobile,card,Hibernating,False,26-35
3456,2024-01-29,LT,mobile,bank_transfer,Hibernating,False,26-35
3457,2024-02-03,SK,mobile,ewallet,Hibernating,False,36-45
3458,2023-09-05,LV,mobile,card,Hibernating,False,26-35
3459,2023-09-17,DE,desktop,bank_transfer,Hibernating,False,36-45
3460,2024-01-20,UA,mobile,card,Hibernating,False,18-25
3461,2024-05-20,LV,mobile,ewallet,Hibernating,False,18-25
3462,2023-10-18,RO,desktop,card,Hibernating,False,26-35
3463,2023-07-29,MT,mobile,card,Hibernating,False,26-35
3464,2024-04-05,SK,desktop,card,Hibernating,False,46+
3465,2023-10-12,EE,desktop,card,Hibernating,False,36-45
3466,2024-09-30,LT,mobile,ewallet,Hibernating,False,26-35
3467,2023-02-19,MT,mobile,ewallet,Hibernating,False,46+
3468,2023-04-23,CZ,mobile,bank_transfer,Hibernating,False,36-45
3469,2023-01-08,DE,desktop,card,Hibernating,False,36-45
3470,2024-06-12,EE,desktop,card,Hibernating,False,26-35
3471,2024-01-07,CY,mobile,ewallet,Hibernating,False,18-25
3472,2023-02-06,LT,mobile,card,Hibernating,False,46+
3473,2023-04-15,IE,mobile,ewallet,Hibernating,False,18-25
3474,2024-06-08,BG,desktop,ewallet,Hibernating,False,18-25
3475,2023-03-20,CY,mobile,bank_transfer,Hibernating,False,18-25
3476,2024-09-19,BG,desktop,card,Hibernating,False,18-25
3477,2023-03-14,HR,tablet,card,Hibernating,False,36-45
3478,2023-10-26,RO,mobile,ewallet,Hibernating,False,26-35
3479,2023-06-13,PL,tablet,card,Hibernating,False,26-35
3480,2023-12-22,BG,desktop,card,Hibernating,False,26-35
3481,2023-05-27,LT,desktop,crypto,Hibernating,False,36-45
3482,2023-07-14,PL,desktop,card,Hibernating,False,18-25
3483,2023-11-11,DE,mobile,card,Hibernating,False,36-45
3484,2023-04-22,DE,mobile,card,Hibernating,False,26-35
3485,2023-09-20,HU,mobile,card,Hibernating,False,26-35
3486,2023-06-09,RO,mobile,ewallet,Hibernating,False,46+
3487,2023-06-15,IE,desktop,crypto,Hibernating,False,26-35
3488,2024-04-25,CZ,desktop,card,Hibernating,False,26-35
3489,2023-11-06,UA,mobile,ewallet,Hibernating,False,18-25
3490,2023-08-01,SK,desktop,ewallet,Hibernating,False,26-35
3491,2023-04-15,BG,mobile,card,Hibernating,False,46+
3492,2023-02-14,CZ,desktop,ewallet,Hibernating,False,26-35
3493,2023-04-03,HU,desktop,card,Hibernating,False,26-35
3494,2024-03-30,MT,mobile,bank_transfer,Hibernating,False,46+
3495,2024-02-17,SK,mobile,crypto,Hibernating,False,18-25
3496,2024-01-26,RO,mobile,crypto,Hibernating,False,46+
3497,2023-08-14,SK,mobile,crypto,Hibernating,False,36-45
3498,2024-03-13,EE,desktop,card,Hibernating,False,26-35
3499,2024-06-19,LV,desktop,bank_transfer,Hibernating,False,26-35
3500,2024-06-10,EE,desktop,bank_transfer,Hibernating,False,26-35
3501,2023-12-02,UA,mobile,ewallet,Hibernating,False,18-25
3502,2023-02-24,SK,mobile,crypto,Hibernating,False,36-45
3503,2024-06-26,LT,mobile,ewallet,Hibernating,False,26-35
3504,2023-01-03,RO,mobile,bank_transfer,Hibernating,False,18-25
3505,2023-09-05,LV,mobile,bank_transfer,Hibernating,False,18-25
3506,2024-04-06,CZ,mobile,card,Hibernating,False,46+
3507,2023-11-16,UA,mobile,card,Hibernating,False,36-45
3508,2023-04-23,LT,mobile,crypto,Hibernating,False,36-45
3509,2023-10-08,PL,desktop,card,Hibernating,False,46+
3510,2023-12-07,HU,tablet,card,Hibernating,False,36-45
3511,2023-04-03,SK,mobile,ewallet,Hibernating,False,46+
3512,2023-05-10,DE,mobile,bank_transfer,Hibernating,False,36-45
3513,2023-12-20,BG,desktop,bank_transfer,Hibernating,False,36-45
3514,2023-05-22,LT,tablet,card,Hibernating,False,18-25
3515,2023-10-16,HR,mobile,bank_transfer,Hibernating,False,46+
3516,2023-04-03,IE,mobile,bank_transfer,Hibernating,False,26-35
3517,2024-09-26,IE,desktop,bank_transfer,Hibernating,False,26-35
3518,2023-07-24,IE,desktop,bank_transfer,Hibernating,False,18-25
3519,2023-01-07,LV,desktop,card,Hibernating,False,36-45
3520,2023-11-06,MT,mobile,bank_transfer,Hibernating,False,46+
3521,2023-11-22,SK,mobile,card,Hibernating,False,26-35
3522,2023-10-24,LV,mobile,card,Hibernating,False,26-35
3523,2024-05-28,PL,mobile,bank_transfer,Hibernating,False,26-35
3524,2023-04-03,LT,desktop,bank_transfer,Hibernating,False,26-35
3525,2023-03-07,IE,mobile,card,Hibernating,False,26-35
3526,2023-02-25,SK,desktop,bank_transfer,Hibernating,False,26-35
3527,2024-07-05,RO,mobile,ewallet,Hibernating,False,36-45
3528,2024-08-28,EE,mobile,card,Hibernating,False,18-25
3529,2024-02-24,CZ,mobile,ewallet,Hibernating,False,26-35
3530,2024-08-12,CZ,mobile,bank_transfer,Hibernating,False,18-25
3531,2024-02-22,DE,tablet,card,Hibernating,False,46+
3532,2023-10-02,HU,tablet,card,Hibernating,False,26-35
3533,2023-01-04,DE,desktop,crypto,Hibernating,False,46+
3534,2023-04-20,HU,desktop,card,Hibernating,False,26-35
3535,2023-11-18,LV,desktop,card,Hibernating,False,18-25
3536,2023-05-31,EE,mobile,card,Hibernating,False,18-25
3537,2023-04-28,RO,desktop,ewallet,Hibernating,False,26-35
3538,2023-02-19,BG,desktop,card,Hibernating,False,36-45
3539,2024-09-25,LV,desktop,card,Hibernating,False,18-25
3540,2023-07-26,HR,desktop,ewallet,Hibernating,False,36-45
3541,2024-01-14,IE,mobile,ewallet,Hibernating,False,18-25
3542,2023-08-17,HU,mobile,card,Hibernating,False,26-35
3543,2023-12-15,MT,mobile,bank_transfer,Hibernating,False,36-45
3544,2023-08-28,HR,desktop,bank_transfer,Hibernating,False,26-35
3545,2024-03-24,MT,desktop,bank_transfer,Hibernating,False,18-25
3546,2024-08-21,LT,desktop,bank_transfer,Hibernating,False,36-45
3547,2023-03-02,CY,desktop,crypto,Hibernating,False,36-45
3548,2024-05-14,CZ,tablet,crypto,Hibernating,False,18-25
3549,2024-07-20,MT,mobile,card,Hibernating,False,26-35
3550,2024-02-13,CZ,mobile,card,Hibernating,False,26-35
3551,2024-05-08,LT,desktop,ewallet,Hibernating,False,46+
3552,2023-01-19,MT,mobile,card,Hibernating,False,46+
3553,2023-03-06,EE,tablet,ewallet,Hibernating,False,26-35
3554,2023-03-14,CY,mobile,card,Hibernating,False,26-35
3555,2024-07-22,MT,desktop,bank_transfer,Hibernating,False,26-35
3556,2023-09-22,PL,mobile,bank_transfer,Hibernating,False,18-25
3557,2023-08-06,HR,desktop,ewallet,Hibernating,False,26-35
3558,2024-03-02,HU,mobile,ewallet,Hibernating,False,36-45
3559,2023-09-25,HR,mobile,ewallet,Hibernating,False,26-35
3560,2024-03-28,LV,mobile,ewallet,Hibernating,False,18-25
3561,2023-02-28,RO,mobile,card,Hibernating,False,18-25
3562,2024-06-01,PL,desktop,ewallet,Hibernating,False,26-35
3563,2023-06-20,IE,mobile,card,Hibernating,False,36-45
3564,2023-03-16,EE,mobile,card,Hibernating,False,18-25
3565,2024-01-13,PL,desktop,bank_transfer,Hibernating,False,26-35
3566,2024-01-17,UA,tablet,bank_transfer,Hibernating,False,46+
3567,2024-09-08,CY,mobile,ewallet,Hibernating,False,26-35
3568,2024-02-18,HR,desktop,card,Hibernating,False,26-35
3569,2024-07-09,IE,mobile,card,Hibernating,False,26-35
3570,2024-07-17,HR,mobile,ewallet,Hibernating,False,36-45
3571,2023-03-18,CZ,mobile,card,Hibernating,False,26-35
3572,2024-08-11,EE,mobile,ewallet,Hibernating,False,18-25
3573,2023-04-08,HR,desktop,bank_transfer,Hibernating,False,18-25
3574,2023-06-05,DE,desktop,bank_transfer,Hibernating,False,46+
3575,2023-06-08,DE,mobile,card,Hibernating,False,26-35
3576,2024-03-12,RO,desktop,bank_transfer,Hibernating,False,36-45
3577,2024-09-10,CY,mobile,card,Hibernating,False,18-25
3578,2023-11-25,HR,mobile,bank_transfer,Hibernating,False,46+
3579,2024-03-18,HU,desktop,card,Hibernating,False,36-45
3580,2023-06-03,PL,mobile,bank_transfer,Hibernating,False,18-25
3581,2024-07-13,LT,desktop,card,Hibernating,False,26-35
3582,2023-04-26,CZ,mobile,crypto,Hibernating,False,26-35
3583,2023-03-18,LV,desktop,bank_transfer,Hibernating,False,26-35
3584,2023-12-13,EE,desktop,card,Hibernating,False,26-35
3585,2023-07-31,HU,desktop,ewallet,Hibernating,False,18-25
3586,2023-10-04,PL,mobile,card,Hibernating,False,26-35
3587,2023-02-22,IE,desktop,bank_transfer,Hibernating,False,46+
3588,2023-08-30,HR,mobile,card,Hibernating,False,26-35
3589,2024-03-22,HU,mobile,card,Hibernating,False,26-35
3590,2024-01-23,MT,desktop,crypto,Hibernating,False,26-35
3591,2023-12-06,UA,mobile,card,Hibernating,False,46+
3592,2023-05-06,HU,mobile,bank_transfer,Hibernating,False,46+
3593,2024-08-29,DE,mobile,bank_transfer,Hibernating,False,26-35
3594,2024-02-07,HR,mobile,crypto,Hibernating,False,26-35
3595,2023-02-14,BG,mobile,card,Hibernating,False,36-45
3596,2023-10-28,HU,desktop,bank_transfer,Hibernating,False,26-35
3597,2023-09-22,EE,mobile,bank_transfer,Hibernating,False,36-45
3598,2023-02-08,UA,desktop,ewallet,Hibernating,False,36-45
3599,2024-05-27,HR,desktop,ewallet,Hibernating,False,46+
3600,2023-08-23,HU,mobile,bank_transfer,Hibernating,False,26-35
3601,2023-07-20,LT,desktop,crypto,Hibernating,False,18-25
3602,2024-04-17,MT,mobile,ewallet,Hibernating,False,36-45
3603,2023-09-22,SK,mobile,ewallet,Hibernating,False,36-45
3604,2024-08-02,LV,mobile,card,Hibernating,False,36-45
3605,2024-06-12,UA,desktop,bank_transfer,Hibernating,False,26-35
3606,2023-04-12,BG,mobile,crypto,Hibernating,False,36-45
3607,2024-05-13,SK,desktop,bank_transfer,Hibernating,False,46+
3608,2024-05-12,CY,desktop,bank_transfer,Hibernating,False,26-35
3609,2024-06-14,UA,desktop,card,Hibernating,False,36-45
3610,2023-06-30,LV,tablet,card,Hibernating,False,18-25
3611,2024-01-03,CZ,mobile,ewallet,Hibernating,False,26-35
3612,2024-03-02,EE,mobile,bank_transfer,Hibernating,False,26-35
3613,2023-12-20,PL,mobile,card,Hibernating,False,46+
3614,2023-07-27,UA,mobile,card,Hibernating,False,18-25
3615,2024-10-01,BG,mobile,ewallet,Hibernating,False,18-25
3616,2023-10-01,RO,desktop,card,Hibernating,False,26-35
3617,2023-04-20,LV,desktop,crypto,Hibernating,False,26-35
3618,2023-05-08,PL,tablet,card,Hibernating,False,26-35
3619,2023-03-15,HR,mobile,card,Hibernating,False,18-25
3620,2024-03-25,UA,desktop,card,Hibernating,False,46+
3621,2024-05-21,IE,desktop,card,Hibernating,False,36-45
3622,2023-06-25,IE,mobile,card,Hibernating,False,18-25
3623,2023-01-23,PL,mobile,bank_transfer,Hibernating,False,46+
3624,2024-02-24,IE,mobile,card,Hibernating,False,18-25
3625,2023-03-14,HU,mobile,ewallet,Hibernating,False,26-35
3626,2023-03-18,UA,mobile,bank_transfer,Hibernating,False,26-35
3627,2024-08-14,SK,tablet,card,Hibernating,False,26-35
3628,2024-01-04,BG,desktop,bank_transfer,Hibernating,False,36-45
3629,2024-07-28,DE,mobile,bank_transfer,Hibernating,False,36-45
3630,2024-05-09,MT,desktop,bank_transfer,Hibernating,False,26-35
3631,2023-05-18,DE,mobile,card,Hibernating,False,26-35
3632,2024-06-14,MT,mobile,bank_transfer,Hibernating,False,26-35
3633,2024-07-12,LT,mobile,card,Hibernating,False,26-35
3634,2024-02-25,LV,mobile,ewallet,Hibernating,False,26-35
3635,2024-01-17,LT,mobile,card,Hibernating,False,18-25
3636,2023-05-30,BG,tablet,card,Hibernating,False,18-25
3637,2023-09-18,RO,desktop,card,Hibernating,False,36-45
3638,2024-07-11,IE,tablet,card,Hibernating,False,26-35
3639,2024-02-16,BG,desktop,crypto,Hibernating,False,26-35
3640,2024-07-04,HU,tablet,card,Hibernating,False,36-45
3641,2024-06-01,CY,mobile,card,Hibernating,False,26-35
3642,2024-07-18,IE,desktop,card,Hibernating,False,46+
3643,2024-09-20,IE,mobile,card,Hibernating,False,46+
3644,2023-08-08,BG,mobile,bank_transfer,Hibernating,False,18-25
3645,2023-11-16,BG,desktop,card,Hibernating,False,26-35
3646,2024-08-17,PL,mobile,card,Hibernating,False,36-45
3647,2023-12-21,LT,mobile,ewallet,Hibernating,False,26-35
3648,2023-12-28,LT,mobile,card,Hibernating,False,26-35
3649,2023-07-04,CY,mobile,bank_transfer,Hibernating,False,26-35
3650,2024-01-21,HR,desktop,card,Hibernating,False,26-35
3651,2024-05-07,DE,mobile,card,Hibernating,False,26-35
3652,2023-02-03,LT,desktop,card,Hibernating,False,36-45
3653,2024-02-14,CY,mobile,bank_transfer,Hibernating,False,26-35
3654,2024-01-09,RO,desktop,ewallet,Hibernating,False,36-45
3655,2023-01-22,PL,desktop,card,Hibernating,False,26-35
3656,2023-06-22,DE,mobile,card,Hibernating,False,36-45
3657,2024-04-11,HR,mobile,bank_transfer,Hibernating,False,36-45
3658,2024-07-13,BG,tablet,bank_transfer,Hibernating,False,18-25
3659,2024-01-23,HR,desktop,card,Hibernating,False,46+
3660,2023-04-04,DE,desktop,crypto,Hibernating,False,26-35
3661,2023-12-25,LV,desktop,card,Hibernating,False,26-35
3662,2024-04-03,CZ,mobile,card,Hibernating,False,46+
3663,2024-05-07,CY,mobile,bank_transfer,Hibernating,False,18-25
3664,2024-06-25,UA,mobile,card,Hibernating,False,36-45
3665,2023-12-02,MT,desktop,ewallet,Hibernating,False,18-25
3666,2024-02-25,UA,desktop,card,Hibernating,False,26-35
3667,2024-04-17,SK,mobile,card,Hibernating,False,26-35
3668,2023-11-26,HU,mobile,crypto,Hibernating,False,26-35
3669,2024-04-23,LT,tablet,bank_transfer,Hibernating,False,26-35
3670,2023-11-17,LV,desktop,card,Hibernating,False,18-25
3671,2023-10-31,HR,mobile,ewallet,Hibernating,False,18-25
3672,2023-12-09,BG,desktop,ewallet,Hibernating,False,46+
3673,2024-09-25,HR,mobile,crypto,Hibernating,False,36-45
3674,2023-04-04,BG,mobile,card,Hibernating,False,36-45
3675,2023-04-28,CY,desktop,ewallet,Hibernating,False,26-35
3676,2023-12-30,CZ,mobile,bank_transfer,Hibernating,False,46+
3677,2023-02-27,CZ,desktop,card,Hibernating,False,18-25
3678,2023-06-19,HU,desktop,card,Hibernating,False,18-25
3679,2024-09-21,RO,mobile,card,Hibernating,False,36-45
3680,2024-05-10,DE,mobile,bank_transfer,Hibernating,False,26-35
3681,2023-11-05,SK,desktop,card,Hibernating,False,46+
3682,2023-03-08,CZ,desktop,ewallet,Hibernating,False,26-35
3683,2023-10-01,IE,desktop,bank_transfer,Hibernating,False,36-45
3684,2023-06-01,IE,desktop,card,Hibernating,False,18-25
3685,2023-05-08,LV,desktop,card,Hibernating,False,26-35
3686,2024-02-04,MT,desktop,card,Hibernating,False,26-35
3687,2023-01-09,PL,desktop,crypto,Hibernating,False,18-25
3688,2024-04-09,UA,desktop,ewallet,Hibernating,False,36-45
3689,2023-06-20,MT,mobile,bank_transfer,Hibernating,False,26-35
3690,2023-07-20,LT,mobile,crypto,Hibernating,False,18-25
3691,2023-05-12,BG,mobile,ewallet,Hibernating,False,26-35
3692,2024-08-20,EE,desktop,bank_transfer,Hibernating,False,46+
3693,2023-11-24,MT,mobile,crypto,Hibernating,False,18-25
3694,2023-04-25,IE,desktop,card,Hibernating,False,18-25
3695,2024-01-26,IE,desktop,bank_transfer,Hibernating,False,26-35
3696,2024-01-18,IE,desktop,crypto,Hibernating,False,26-35
3697,2023-08-10,UA,mobile,ewallet,Hibernating,False,26-35
3698,2023-07-27,CZ,desktop,card,Hibernating,False,36-45
3699,2023-02-20,CZ,mobile,bank_transfer,Hibernating,False,26-35
3700,2024-06-14,PL,mobile,card,Hibernating,False,36-45
3701,2024-09-07,PL,mobile,card,Hibernating,False,26-35
3702,2023-09-06,EE,desktop,card,Hibernating,False,26-35
3703,2023-08-30,UA,tablet,ewallet,Hibernating,False,18-25
3704,2023-09-18,HU,desktop,ewallet,Hibernating,False,36-45
3705,2024-07-19,EE,desktop,bank_transfer,Hibernating,False,18-25
3706,2023-11-09,LT,mobile,card,Hibernating,False,18-25
3707,2023-07-25,LV,desktop,ewallet,Hibernating,False,18-25
3708,2023-09-10,CY,mobile,bank_transfer,Hibernating,False,26-35
3709,2023-04-13,UA,desktop,card,Hibernating,False,18-25
3710,2023-04-06,CZ,desktop,bank_transfer,Hibernating,False,26-35
3711,2023-08-01,LV,desktop,card,Hibernating,False,36-45
3712,2024-03-19,UA,mobile,bank_transfer,Hibernating,False,26-35
3713,2023-10-18,BG,mobile,ewallet,Hibernating,False,26-35
3714,2023-09-07,HU,desktop,card,Hibernating,False,36-45
3715,2024-03-05,CZ,mobile,ewallet,Hibernating,False,36-45
3716,2023-12-15,HR,mobile,card,Hibernating,False,26-35
3717,2023-11-16,CZ,mobile,ewallet,Hibernating,False,26-35
3718,2024-01-10,MT,mobile,bank_transfer,Hibernating,False,46+
3719,2023-07-29,CY,mobile,card,Hibernating,False,36-45
3720,2023-06-16,MT,mobile,card,Hibernating,False,18-25
3721,2023-04-12,UA,mobile,bank_transfer,Hibernating,False,18-25
3722,2024-07-24,DE,mobile,card,Hibernating,False,26-35
3723,2023-03-25,HR,mobile,card,Hibernating,False,18-25
3724,2023-10-30,SK,mobile,card,Hibernating,False,18-25
3725,2024-02-22,CZ,desktop,crypto,Hibernating,False,36-45
3726,2023-01-03,CY,mobile,crypto,Hibernating,False,46+
3727,2023-11-21,IE,mobile,ewallet,Hibernating,False,46+
3728,2023-10-27,LV,desktop,bank_transfer,Hibernating,False,36-45
3729,2024-03-10,EE,mobile,card,Hibernating,False,36-45
3730,2024-09-17,RO,mobile,card,Hibernating,False,26-35
3731,2023-11-14,EE,mobile,bank_transfer,Hibernating,False,26-35
3732,2023-06-05,EE,desktop,card,Hibernating,False,46+
3733,2023-06-15,MT,tablet,card,Hibernating,False,18-25
3734,2024-01-14,LT,desktop,ewallet,Hibernating,False,18-25
3735,2023-04-20,CY,desktop,card,Hibernating,False,26-35
3736,2024-02-05,RO,mobile,card,Hibernating,False,46+
3737,2023-01-13,CZ,desktop,ewallet,Hibernating,False,46+
3738,2023-11-11,SK,mobile,card,Hibernating,False,26-35
3739,2024-04-26,IE,mobile,ewallet,Hibernating,False,26-35
3740,2024-02-05,DE,mobile,ewallet,Hibernating,False,36-45
3741,2023-12-20,LT,desktop,bank_transfer,Hibernating,False,36-45
3742,2023-08-13,HR,mobile,bank_transfer,Hibernating,False,18-25
3743,2024-03-01,CZ,desktop,card,Hibernating,False,18-25
3744,2023-04-22,BG,mobile,card,Hibernating,False,36-45
3745,2023-04-05,SK,desktop,ewallet,Hibernating,False,26-35
3746,2023-08-21,SK,desktop,card,Hibernating,False,26-35
3747,2023-08-12,UA,mobile,card,Hibernating,False,18-25
3748,2023-03-04,HR,desktop,bank_transfer,Hibernating,False,46+
3749,2023-08-29,EE,desktop,card,Hibernating,False,26-35
3750,2023-12-11,IE,mobile,crypto,Hibernating,False,46+
3751,2024-10-01,LV,desktop,bank_transfer,Hibernating,False,26-35
3752,2023-05-08,IE,mobile,bank_transfer,Hibernating,False,36-45
3753,2023-03-23,DE,mobile,card,Hibernating,False,46+
3754,2023-08-09,LT,mobile,card,Hibernating,False,26-35
3755,2024-02-16,LT,desktop,card,Hibernating,False,18-25
3756,2024-06-12,BG,desktop,card,Hibernating,False,18-25
3757,2023-10-14,HR,mobile,bank_transfer,Hibernating,False,26-35
3758,2024-09-08,HU,desktop,ewallet,Hibernating,False,26-35
3759,2023-05-28,UA,desktop,ewallet,Hibernating,False,26-35
3760,2024-02-26,RO,mobile,ewallet,Hibernating,False,18-25
3761,2023-02-07,LT,mobile,ewallet,Hibernating,False,18-25
3762,2023-01-15,LT,mobile,bank_transfer,Hibernating,False,18-25
3763,2023-12-02,BG,mobile,card,Hibernating,False,46+
3764,2023-07-13,MT,mobile,ewallet,Hibernating,False,26-35
3765,2023-12-10,HR,mobile,bank_transfer,Hibernating,False,26-35
3766,2023-03-24,RO,mobile,crypto,Hibernating,False,26-35
3767,2023-04-13,LV,mobile,card,Hibernating,False,26-35
3768,2024-08-17,BG,mobile,card,Hibernating,False,18-25
3769,2024-01-28,BG,desktop,card,Hibernating,False,46+
3770,2023-02-18,DE,mobile,card,Hibernating,False,26-35
3771,2024-05-31,SK,desktop,ewallet,Hibernating,False,18-25
3772,2023-11-17,BG,mobile,ewallet,Hibernating,False,18-25
3773,2023-12-05,DE,mobile,card,Hibernating,False,26-35
3774,2023-12-08,MT,mobile,ewallet,Hibernating,False,26-35
3775,2024-03-29,HR,desktop,card,Hibernating,False,26-35
3776,2024-08-01,HU,mobile,ewallet,Hibernating,False,18-25
3777,2024-07-21,CZ,desktop,bank_transfer,Hibernating,False,26-35
3778,2024-08-22,CY,desktop,bank_transfer,Hibernating,False,36-45
3779,2023-05-28,CZ,desktop,card,Hibernating,False,36-45
3780,2023-05-18,SK,mobile,card,Hibernating,False,36-45
3781,2024-04-29,CY,desktop,bank_transfer,Hibernating,False,36-45
3782,2023-10-20,LV,desktop,card,Hibernating,False,18-25
3783,2023-08-30,DE,mobile,card,Hibernating,False,18-25
3784,2024-03-04,MT,mobile,crypto,Hibernating,False,18-25
3785,2024-04-13,HU,desktop,crypto,Hibernating,False,26-35
3786,2023-07-11,IE,desktop,card,Hibernating,False,36-45
3787,2023-12-26,UA,mobile,card,Hibernating,False,36-45
3788,2023-01-09,HR,mobile,bank_transfer,Hibernating,False,36-45
3789,2023-04-21,BG,desktop,card,Hibernating,False,18-25
3790,2023-01-30,BG,mobile,card,Hibernating,False,18-25
3791,2023-03-04,HR,desktop,card,Hibernating,False,26-35
3792,2023-11-23,HR,desktop,card,Hibernating,False,36-45
3793,2024-02-23,DE,mobile,bank_transfer,Hibernating,False,46+
3794,2024-07-25,BG,mobile,crypto,Hibernating,False,26-35
3795,2023-08-02,CZ,mobile,card,Hibernating,False,46+
3796,2023-12-28,SK,mobile,crypto,Hibernating,False,36-45
3797,2023-05-02,CZ,tablet,bank_transfer,Hibernating,False,46+
3798,2024-08-01,RO,desktop,bank_transfer,Hibernating,False,36-45
3799,2023-06-21,LT,mobile,card,Hibernating,False,26-35
3800,2023-05-05,PL,mobile,bank_transfer,Hibernating,False,36-45
3801,2024-05-28,IE,desktop,crypto,Hibernating,False,46+
3802,2024-02-24,HU,desktop,card,Hibernating,False,46+
3803,2024-07-24,CY,mobile,card,Hibernating,False,26-35
3804,2023-04-22,RO,desktop,card,Hibernating,False,36-45
3805,2023-11-10,PL,mobile,card,Hibernating,False,26-35
3806,2023-04-23,HR,desktop,card,Hibernating,False,18-25
3807,2024-07-11,LV,desktop,crypto,Hibernating,False,36-45
3808,2023-01-15,CY,desktop,crypto,Hibernating,False,26-35
3809,2024-09-22,CZ,mobile,card,Hibernating,False,26-35
3810,2023-02-12,UA,mobile,card,Hibernating,False,26-35
3811,2023-10-31,SK,mobile,ewallet,Hibernating,False,36-45
3812,2023-09-01,BG,mobile,card,Hibernating,False,18-25
3813,2023-04-01,LT,mobile,card,Hibernating,False,36-45
3814,2023-02-09,EE,desktop,ewallet,Hibernating,False,36-45
3815,2024-08-11,EE,desktop,ewallet,Hibernating,False,36-45
3816,2024-04-08,UA,desktop,ewallet,Hibernating,False,26-35
3817,2023-08-06,CY,mobile,card,Hibernating,False,18-25
3818,2023-05-17,PL,mobile,card,Hibernating,False,26-35
3819,2023-09-19,CZ,mobile,card,Hibernating,False,26-35
3820,2024-09-12,MT,mobile,bank_transfer,Hibernating,False,36-45
3821,2024-02-22,MT,mobile,card,Hibernating,False,36-45
3822,2023-01-18,EE,tablet,crypto,Hibernating,False,18-25
3823,2024-09-29,LV,desktop,ewallet,Hibernating,False,26-35
3824,2024-04-20,LT,mobile,card,Hibernating,False,18-25
3825,2023-07-31,HR,mobile,card,Hibernating,False,36-45
3826,2024-02-26,CZ,mobile,crypto,Hibernating,False,36-45
3827,2023-04-27,HU,desktop,card,Hibernating,False,18-25
3828,2024-07-10,CZ,desktop,card,Hibernating,False,26-35
3829,2023-03-07,CY,mobile,card,Hibernating,False,26-35
3830,2024-01-26,IE,mobile,bank_transfer,Hibernating,False,18-25
3831,2023-01-28,RO,mobile,bank_transfer,Hibernating,False,18-25
3832,2023-11-09,SK,mobile,ewallet,Hibernating,False,26-35
3833,2023-03-28,IE,mobile,card,Hibernating,False,26-35
3834,2024-04-16,UA,desktop,card,Hibernating,False,26-35
3835,2023-06-23,CZ,mobile,ewallet,Hibernating,False,46+
3836,2023-12-10,IE,mobile,bank_transfer,Hibernating,False,26-35
3837,2023-01-20,CZ,mobile,card,Hibernating,False,46+
3838,2024-09-14,LV,tablet,card,Hibernating,False,26-35
3839,2023-11-17,PL,desktop,bank_transfer,Hibernating,False,26-35
3840,2024-03-11,LV,mobile,card,Hibernating,False,18-25
3841,2023-04-02,MT,mobile,card,Hibernating,False,36-45
3842,2024-05-13,HU,mobile,card,Hibernating,False,46+
3843,2024-08-22,IE,desktop,card,Hibernating,False,26-35
3844,2023-03-22,CZ,desktop,card,Hibernating,False,26-35
3845,2023-07-25,LV,desktop,card,Hibernating,False,36-45
3846,2023-05-11,EE,desktop,bank_transfer,Hibernating,False,18-25
3847,2023-04-02,LV,desktop,card,Hibernating,False,36-45
3848,2023-11-16,CZ,mobile,card,Hibernating,False,36-45
3849,2023-12-07,BG,mobile,bank_transfer,Hibernating,False,36-45
3850,2023-04-05,IE,mobile,card,Hibernating,False,26-35
3851,2023-07-04,CZ,mobile,bank_transfer,Hibernating,False,36-45
3852,2024-01-15,HR,tablet,card,Hibernating,False,18-25
3853,2024-06-05,RO,mobile,card,Hibernating,False,46+
3854,2023-06-19,MT,mobile,card,Hibernating,False,26-35
3855,2023-01-16,SK,mobile,ewallet,Hibernating,False,36-45
3856,2024-09-26,BG,mobile,bank_transfer,Hibernating,False,26-35
3857,2023-07-11,HU,mobile,card,Hibernating,False,36-45
3858,2023-06-17,HR,desktop,card,Hibernating,False,26-35
3859,2024-08-14,LT,mobile,bank_transfer,Hibernating,False,18-25
3860,2023-05-29,RO,desktop,card,Hibernating,False,36-45
3861,2023-10-05,SK,mobile,ewallet,Hibernating,False,26-35
3862,2023-08-24,SK,mobile,ewallet,Hibernating,False,26-35
3863,2024-01-13,RO,mobile,bank_transfer,Hibernating,False,36-45
3864,2023-03-07,HR,desktop,bank_transfer,Hibernating,False,26-35
3865,2024-09-16,IE,mobile,ewallet,Hibernating,False,18-25
3866,2023-06-17,HU,desktop,bank_transfer,Hibernating,False,36-45
3867,2023-10-21,HU,mobile,crypto,Hibernating,False,26-35
3868,2023-02-17,PL,mobile,ewallet,Hibernating,False,46+
3869,2023-05-28,MT,desktop,card,Hibernating,False,46+
3870,2023-06-18,LV,mobile,card,Hibernating,False,18-25
3871,2024-02-15,HU,tablet,card,Hibernating,False,26-35
3872,2024-05-29,MT,mobile,card,Hibernating,False,36-45
3873,2023-02-06,CY,tablet,crypto,Hibernating,False,18-25
3874,2023-02-08,RO,mobile,crypto,Hibernating,False,46+
3875,2023-06-15,IE,mobile,card,Hibernating,False,36-45
3876,2024-04-02,CZ,mobile,bank_transfer,Hibernating,False,36-45
3877,2023-08-18,RO,mobile,card,Hibernating,False,46+
3878,2023-09-28,RO,mobile,card,Hibernating,False,46+
3879,2023-04-29,BG,mobile,ewallet,Hibernating,False,26-35
3880,2024-03-11,UA,tablet,ewallet,Hibernating,False,26-35
3881,2023-04-22,EE,mobile,bank_transfer,Hibernating,False,36-45
3882,2023-08-26,CY,mobile,crypto,Hibernating,False,26-35
3883,2023-05-19,CZ,desktop,bank_transfer,Hibernating,False,18-25
3884,2024-05-16,LV,desktop,bank_transfer,Hibernating,False,18-25
3885,2024-01-01,DE,mobile,card,Hibernating,False,36-45
3886,2024-05-24,UA,mobile,bank_transfer,Hibernating,False,36-45
3887,2023-04-29,SK,mobile,card,Hibernating,False,18-25
3888,2023-02-03,HR,desktop,card,Hibernating,False,46+
3889,2024-08-13,IE,mobile,crypto,Hibernating,False,26-35
3890,2023-09-11,EE,desktop,bank_transfer,Hibernating,False,46+
3891,2023-04-27,EE,mobile,crypto,Hibernating,False,18-25
3892,2023-03-25,LV,desktop,bank_transfer,Hibernating,False,26-35
3893,2024-09-06,BG,tablet,card,Hibernating,False,36-45
3894,2024-05-17,SK,desktop,card,Hibernating,False,46+
3895,2023-12-07,DE,mobile,ewallet,Hibernating,False,46+
3896,2023-10-20,CZ,mobile,ewallet,Hibernating,False,18-25
3897,2023-01-29,RO,mobile,ewallet,Hibernating,False,18-25
3898,2023-01-05,CZ,mobile,ewallet,Hibernating,False,26-35
3899,2023-10-14,BG,mobile,ewallet,Hibernating,False,36-45
3900,2023-04-06,EE,desktop,card,Hibernating,False,26-35
3901,2023-12-14,CY,mobile,card,Hibernating,False,26-35
3902,2024-05-25,CZ,mobile,card,Hibernating,False,46+
3903,2023-07-21,HU,desktop,card,Hibernating,False,36-45
3904,2023-11-06,HR,desktop,crypto,Hibernating,False,26-35
3905,2024-09-23,LT,mobile,bank_transfer,Hibernating,False,46+
3906,2024-05-15,LT,desktop,ewallet,Hibernating,False,46+
3907,2023-08-02,RO,mobile,card,Hibernating,False,26-35
3908,2024-08-15,SK,tablet,bank_transfer,Hibernating,False,26-35
3909,2023-06-06,MT,mobile,card,Hibernating,False,18-25
3910,2023-12-10,CY,mobile,ewallet,Hibernating,False,26-35
3911,2024-09-14,HU,mobile,card,Hibernating,False,26-35
3912,2023-04-18,LV,mobile,card,Hibernating,False,36-45
3913,2023-04-01,LT,mobile,card,Hibernating,False,26-35
3914,2023-03-12,LV,mobile,card,Hibernating,False,26-35
3915,2023-03-03,HU,desktop,card,Hibernating,False,18-25
3916,2023-02-09,HU,mobile,card,Hibernating,False,36-45
3917,2023-08-25,DE,mobile,crypto,Hibernating,False,18-25
3918,2023-02-09,LV,mobile,bank_transfer,Hibernating,False,46+
3919,2023-11-26,MT,desktop,card,Hibernating,False,36-45
3920,2023-09-04,RO,mobile,bank_transfer,Hibernating,False,18-25
3921,2024-02-13,DE,mobile,bank_transfer,Hibernating,False,36-45
3922,2023-12-02,DE,desktop,crypto,Hibernating,False,26-35
3923,2024-05-17,LV,mobile,crypto,Hibernating,False,36-45
3924,2024-03-05,HR,mobile,card,Hibernating,False,36-45
3925,2023-09-03,HU,desktop,bank_transfer,Hibernating,False,26-35
3926,2024-06-17,DE,tablet,bank_transfer,Hibernating,False,26-35
3927,2024-02-14,IE,desktop,ewallet,Hibernating,False,26-35
3928,2024-01-18,IE,desktop,ewallet,Hibernating,False,26-35
3929,2024-05-10,HR,desktop,bank_transfer,Hibernating,False,26-35
3930,2023-04-18,LT,desktop,card,Hibernating,False,26-35
3931,2023-04-16,UA,tablet,card,Hibernating,False,18-25
3932,2024-07-08,HR,mobile,bank_transfer,Hibernating,False,26-35
3933,2024-08-26,UA,mobile,bank_transfer,Hibernating,False,36-45
3934,2023-06-25,CY,desktop,card,Hibernating,False,26-35
3935,2024-03-22,CY,tablet,card,Hibernating,False,36-45
3936,2023-08-13,PL,mobile,ewallet,Hibernating,False,26-35
3937,2023-06-09,CY,desktop,card,Hibernating,False,26-35
3938,2023-10-05,LT,mobile,crypto,Hibernating,False,36-45
3939,2023-11-29,UA,desktop,ewallet,Hibernating,False,26-35
3940,2023-01-07,MT,mobile,card,Hibernating,False,36-45
3941,2024-08-17,UA,desktop,card,Hibernating,False,36-45
3942,2023-10-09,BG,mobile,bank_transfer,Hibernating,False,18-25
3943,2024-05-06,DE,mobile,bank_transfer,Hibernating,False,26-35
3944,2023-09-08,CY,desktop,card,Hibernating,False,26-35
3945,2024-03-19,LT,mobile,card,Hibernating,False,26-35
3946,2024-01-15,CZ,desktop,crypto,Hibernating,False,18-25
3947,2024-03-27,PL,desktop,bank_transfer,Hibernating,False,26-35
3948,2024-03-26,LV,tablet,bank_transfer,Hibernating,False,36-45
3949,2024-07-12,DE,desktop,crypto,Hibernating,False,46+
3950,2023-06-18,UA,mobile,ewallet,Hibernating,False,18-25
3951,2024-05-20,CZ,mobile,bank_transfer,Hibernating,False,26-35
3952,2024-03-09,HR,mobile,card,Hibernating,False,18-25
3953,2024-09-25,HU,desktop,ewallet,Hibernating,False,36-45
3954,2023-10-01,RO,desktop,card,Hibernating,False,26-35
3955,2023-03-25,UA,mobile,bank_transfer,Hibernating,False,36-45
3956,2023-11-22,EE,desktop,ewallet,Hibernating,False,18-25
3957,2023-09-05,LT,mobile,ewallet,Hibernating,False,26-35
3958,2024-05-02,LT,mobile,bank_transfer,Hibernating,False,26-35
3959,2024-04-13,IE,mobile,bank_transfer,Hibernating,False,46+
3960,2023-08-20,EE,mobile,bank_transfer,Hibernating,False,46+
3961,2023-03-07,IE,desktop,card,Hibernating,False,26-35
3962,2023-10-17,HU,mobile,card,Hibernating,False,36-45
3963,2023-08-31,LT,mobile,crypto,Hibernating,False,26-35
3964,2024-06-13,HU,mobile,ewallet,Hibernating,False,46+
3965,2023-08-13,UA,mobile,card,Hibernating,False,26-35
3966,2023-12-02,UA,desktop,card,Hibernating,False,36-45
3967,2024-06-23,HR,mobile,card,Hibernating,False,26-35
3968,2023-05-05,HR,desktop,crypto,Hibernating,False,46+
3969,2023-08-12,BG,mobile,crypto,Hibernating,False,46+
3970,2024-03-21,UA,desktop,bank_transfer,Hibernating,False,18-25
3971,2023-07-04,UA,mobile,card,Hibernating,False,26-35
3972,2024-04-27,HR,desktop,card,Hibernating,False,36-45
3973,2023-12-25,LV,mobile,card,Hibernating,False,46+
3974,2024-02-19,SK,mobile,card,Hibernating,False,26-35
3975,2024-05-01,HR,desktop,card,Hibernating,False,46+
3976,2023-08-22,SK,mobile,crypto,Hibernating,False,36-45
3977,2024-04-28,UA,desktop,card,Hibernating,False,46+
3978,2023-02-12,HR,desktop,bank_transfer,Hibernating,False,26-35
3979,2024-03-05,CY,desktop,bank_transfer,Hibernating,False,26-35
3980,2024-09-29,LV,mobile,ewallet,Hibernating,False,26-35
3981,2024-01-15,LT,desktop,bank_transfer,Hibernating,False,26-35
3982,2024-06-26,BG,desktop,card,Hibernating,False,46+
3983,2023-11-09,MT,desktop,ewallet,Hibernating,False,36-45
3984,2023-07-29,IE,mobile,ewallet,Hibernating,False,18-25
3985,2023-01-10,DE,desktop,ewallet,Hibernating,False,18-25
3986,2023-02-07,PL,tablet,card,Hibernating,False,46+
3987,2023-04-29,IE,desktop,ewallet,Hibernating,False,46+
3988,2024-05-19,PL,desktop,card,Hibernating,False,26-35
3989,2023-08-19,HR,mobile,crypto,Hibernating,False,18-25
3990,2024-04-26,DE,desktop,bank_transfer,Hibernating,False,36-45
3991,2023-12-28,CZ,mobile,bank_transfer,Hibernating,False,26-35
3992,2024-09-05,CZ,desktop,ewallet,Hibernating,False,26-35
3993,2023-07-19,EE,mobile,card,Hibernating,False,36-45
3994,2023-01-16,HR,mobile,crypto,Hibernating,False,46+
3995,2023-07-20,SK,desktop,card,Hibernating,False,36-45
3996,2024-08-04,CY,desktop,crypto,Hibernating,False,26-35
3997,2023-11-02,RO,tablet,ewallet,Hibernating,False,26-35
3998,2023-02-07,SK,desktop,card,Hibernating,False,26-35
3999,2024-06-21,MT,mobile,card,Hibernating,False,26-35
4000,2023-08-21,BG,mobile,card,Hibernating,False,26-35
4001,2023-06-22,PL,desktop,bank_transfer,Hibernating,False,26-35
4002,2024-01-05,RO,mobile,ewallet,Hibernating,False,46+
4003,2024-02-21,BG,tablet,bank_transfer,Hibernating,False,46+
4004,2024-09-18,HU,mobile,ewallet,Hibernating,False,46+
4005,2024-04-01,EE,mobile,card,Hibernating,False,26-35
4006,2024-05-24,CZ,mobile,ewallet,Hibernating,False,36-45
4007,2023-02-23,LV,desktop,card,Hibernating,False,26-35
4008,2023-06-09,CZ,mobile,bank_transfer,Hibernating,False,36-45
4009,2023-11-28,SK,desktop,card,Hibernating,False,36-45
4010,2024-04-12,LT,mobile,bank_transfer,Hibernating,False,26-35
4011,2024-02-01,CY,desktop,card,Hibernating,False,36-45
4012,2024-03-15,CY,mobile,bank_transfer,Hibernating,False,36-45
4013,2024-04-24,PL,desktop,ewallet,Hibernating,False,26-35
4014,2024-04-07,LT,tablet,crypto,Hibernating,False,26-35
4015,2023-04-03,CY,mobile,ewallet,Hibernating,False,46+
4016,2023-01-31,LT,desktop,card,Hibernating,False,18-25
4017,2024-09-26,MT,mobile,card,Hibernating,False,18-25
4018,2023-11-28,UA,mobile,card,Hibernating,False,36-45
4019,2023-12-31,PL,mobile,bank_transfer,Hibernating,False,46+
4020,2023-09-02,BG,desktop,bank_transfer,Hibernating,False,36-45
4021,2023-10-23,BG,desktop,bank_transfer,Hibernating,False,26-35
4022,2024-04-05,BG,mobile,card,Hibernating,False,26-35
4023,2023-12-05,HR,mobile,bank_transfer,Hibernating,False,26-35
4024,2023-08-16,HU,mobile,card,Hibernating,False,26-35
4025,2024-06-30,UA,mobile,card,Hibernating,False,18-25
4026,2024-03-28,LT,mobile,card,Hibernating,False,26-35
4027,2023-07-10,UA,tablet,bank_transfer,Hibernating,False,18-25
4028,2024-01-03,LV,mobile,ewallet,Hibernating,False,26-35
4029,2024-05-10,DE,mobile,card,Hibernating,False,26-35
4030,2024-08-14,PL,desktop,crypto,Hibernating,False,46+
4031,2023-04-19,HU,desktop,card,Hibernating,False,26-35
4032,2023-07-25,CY,desktop,crypto,Hibernating,False,26-35
4033,2023-11-19,BG,mobile,card,Hibernating,False,18-25
4034,2023-11-14,LT,desktop,card,Hibernating,False,36-45
4035,2023-07-13,MT,mobile,card,Hibernating,False,26-35
4036,2023-06-24,RO,mobile,bank_transfer,Hibernating,False,46+
4037,2024-06-13,EE,desktop,crypto,Hibernating,False,26-35
4038,2023-08-01,CY,desktop,crypto,Hibernating,False,36-45
4039,2023-12-15,PL,desktop,bank_transfer,Hibernating,False,26-35
4040,2023-12-31,IE,tablet,card,Hibernating,False,36-45
4041,2023-08-11,HR,mobile,bank_transfer,Hibernating,False,36-45
4042,2023-11-20,IE,desktop,ewallet,Hibernating,False,26-35
4043,2023-06-24,UA,desktop,ewallet,Hibernating,False,26-35
4044,2024-08-07,CZ,mobile,crypto,Hibernating,False,18-25
4045,2024-08-21,CZ,desktop,ewallet,Hibernating,False,46+
4046,2023-09-16,IE,desktop,crypto,Hibernating,False,26-35
4047,2023-11-23,CY,desktop,ewallet,Hibernating,False,18-25
4048,2024-02-04,LV,mobile,bank_transfer,Hibernating,False,36-45
4049,2023-06-04,IE,desktop,ewallet,Hibernating,False,26-35
4050,2023-12-14,EE,desktop,bank_transfer,Hibernating,False,26-35
4051,2023-07-11,HU,mobile,ewallet,Hibernating,False,26-35
4052,2023-11-10,SK,mobile,bank_transfer,Hibernating,False,36-45
4053,2023-09-19,UA,mobile,crypto,Hibernating,False,18-25
4054,2024-01-01,IE,mobile,card,Hibernating,False,36-45
4055,2024-08-09,PL,mobile,ewallet,Hibernating,False,36-45
4056,2024-06-18,LT,desktop,crypto,Hibernating,False,36-45
4057,2023-12-02,IE,mobile,crypto,Hibernating,False,26-35
4058,2023-05-02,SK,mobile,crypto,Hibernating,False,46+
4059,2023-10-22,IE,desktop,card,Hibernating,False,36-45
4060,2024-04-10,HR,tablet,card,Hibernating,False,26-35
4061,2023-05-31,EE,mobile,card,Hibernating,False,26-35
4062,2024-05-23,LT,mobile,card,Hibernating,False,46+
4063,2023-03-13,UA,desktop,card,Hibernating,False,26-35
4064,2024-02-28,DE,mobile,ewallet,Hibernating,False,46+
4065,2023-01-24,IE,tablet,card,Hibernating,False,26-35
4066,2023-09-28,CY,desktop,card,Hibernating,False,46+
4067,2024-01-22,RO,desktop,card,Hibernating,False,18-25
4068,2023-05-20,UA,mobile,crypto,Hibernating,False,26-35
4069,2023-08-23,CZ,mobile,card,Hibernating,False,18-25
4070,2024-02-11,EE,desktop,card,Hibernating,False,26-35
4071,2023-07-22,DE,desktop,card,Hibernating,False,18-25
4072,2024-01-26,MT,mobile,ewallet,Hibernating,False,26-35
4073,2024-09-22,CY,mobile,crypto,Hibernating,False,46+
4074,2024-03-29,LV,mobile,bank_transfer,Hibernating,False,26-35
4075,2024-04-06,CY,mobile,bank_transfer,Hibernating,False,18-25
4076,2024-06-22,BG,mobile,bank_transfer,Hibernating,False,36-45
4077,2024-09-18,IE,desktop,bank_transfer,Hibernating,False,26-35
4078,2024-06-16,PL,desktop,ewallet,Hibernating,False,46+
4079,2023-03-09,SK,mobile,ewallet,Hibernating,False,36-45
4080,2024-09-29,DE,mobile,bank_transfer,Hibernating,False,26-35
4081,2024-09-01,EE,mobile,ewallet,Hibernating,False,36-45
4082,2023-10-16,CZ,mobile,card,Hibernating,False,26-35
4083,2023-08-18,EE,mobile,card,Hibernating,False,46+
4084,2023-03-06,CY,mobile,bank_transfer,Hibernating,False,46+
4085,2023-09-25,CY,desktop,card,Hibernating,False,26-35
4086,2023-09-30,BG,mobile,bank_transfer,Hibernating,False,46+
4087,2024-04-26,LT,desktop,card,Hibernating,False,46+
4088,2024-02-25,IE,mobile,card,Hibernating,False,46+
4089,2024-05-29,HR,mobile,card,Hibernating,False,18-25
4090,2023-09-28,RO,desktop,bank_transfer,Hibernating,False,46+
4091,2023-10-12,BG,desktop,ewallet,Hibernating,False,36-45
4092,2023-02-23,MT,mobile,bank_transfer,Hibernating,False,36-45
4093,2024-04-26,LV,mobile,bank_transfer,Hibernating,False,36-45
4094,2024-07-06,DE,mobile,card,Hibernating,False,46+
4095,2024-09-10,MT,mobile,bank_transfer,Hibernating,False,18-25
4096,2023-05-05,LV,mobile,card,Hibernating,False,18-25
4097,2023-09-21,LV,desktop,card,Hibernating,False,26-35
4098,2023-10-02,PL,desktop,card,Hibernating,False,26-35
4099,2023-04-03,HR,mobile,card,Hibernating,False,18-25
4100,2023-09-05,LV,desktop,crypto,Hibernating,False,46+
4101,2023-06-21,RO,desktop,bank_transfer,Hibernating,False,18-25
4102,2023-01-04,UA,tablet,ewallet,Hibernating,False,18-25
4103,2023-12-01,PL,mobile,bank_transfer,Hibernating,False,18-25
4104,2024-09-08,BG,mobile,crypto,Hibernating,False,26-35
4105,2023-10-06,CZ,desktop,ewallet,Hibernating,False,46+
4106,2023-06-15,CY,tablet,crypto,Hibernating,False,36-45
4107,2024-07-24,PL,desktop,card,Hibernating,False,18-25
4108,2023-08-08,RO,mobile,card,Hibernating,False,36-45
4109,2023-03-30,EE,mobile,bank_transfer,Hibernating,False,26-35
4110,2024-08-02,MT,desktop,card,Hibernating,False,18-25
4111,2023-08-17,EE,mobile,card,Hibernating,False,26-35
4112,2024-02-15,EE,mobile,bank_transfer,Hibernating,False,26-35
4113,2024-03-18,BG,desktop,ewallet,Hibernating,False,18-25
4114,2023-10-12,MT,desktop,card,Hibernating,False,18-25
4115,2023-09-19,RO,mobile,card,Hibernating,False,46+
4116,2024-04-02,UA,desktop,crypto,Hibernating,False,46+
4117,2024-05-18,LT,desktop,card,Hibernating,False,36-45
4118,2023-07-20,SK,mobile,card,Hibernating,False,18-25
4119,2024-08-24,MT,mobile,bank_transfer,Hibernating,False,46+
4120,2024-05-08,HU,desktop,card,Hibernating,False,18-25
4121,2023-04-29,HU,desktop,card,Hibernating,False,46+
4122,2024-08-13,CZ,mobile,card,Hibernating,False,18-25
4123,2023-11-03,RO,mobile,bank_transfer,Hibernating,False,26-35
4124,2023-03-21,HR,desktop,ewallet,Hibernating,False,46+
4125,2023-09-16,BG,desktop,card,Hibernating,False,36-45
4126,2023-01-29,BG,mobile,ewallet,Hibernating,False,18-25
4127,2024-08-01,DE,mobile,card,Hibernating,False,36-45
4128,2024-02-17,LT,mobile,ewallet,Hibernating,False,36-45
4129,2023-05-26,EE,desktop,ewallet,Hibernating,False,46+
4130,2024-02-02,LT,mobile,bank_transfer,Hibernating,False,36-45
4131,2023-12-14,BG,mobile,card,Hibernating,False,26-35
4132,2023-05-19,PL,mobile,bank_transfer,Hibernating,False,36-45
4133,2024-09-27,MT,mobile,ewallet,Hibernating,False,36-45
4134,2024-02-25,EE,mobile,card,Hibernating,False,26-35
4135,2024-07-08,SK,mobile,card,Hibernating,False,18-25
4136,2024-08-22,MT,mobile,card,Hibernating,False,36-45
4137,2024-01-05,CZ,desktop,card,Hibernating,False,26-35
4138,2023-10-16,LV,desktop,bank_transfer,Hibernating,False,46+
4139,2024-03-24,PL,mobile,bank_transfer,Hibernating,False,18-25
4140,2023-06-25,PL,desktop,card,Hibernating,False,18-25
4141,2024-09-21,SK,desktop,ewallet,Hibernating,False,46+
4142,2024-05-05,DE,mobile,bank_transfer,Hibernating,False,46+
4143,2023-05-03,BG,mobile,crypto,Hibernating,False,18-25
4144,2023-06-06,LV,desktop,bank_transfer,Hibernating,False,46+
4145,2023-04-20,MT,desktop,ewallet,Hibernating,False,18-25
4146,2024-02-02,LT,desktop,crypto,Hibernating,False,46+
4147,2023-01-07,DE,desktop,bank_transfer,Hibernating,False,26-35
4148,2024-09-11,LV,desktop,bank_transfer,Hibernating,False,18-25
4149,2024-02-13,BG,desktop,card,Hibernating,False,26-35
4150,2023-02-26,RO,mobile,ewallet,Hibernating,False,46+
4151,2023-12-07,RO,tablet,ewallet,Hibernating,False,18-25
4152,2024-02-06,PL,mobile,card,Hibernating,False,18-25
4153,2024-04-11,PL,mobile,crypto,Hibernating,False,36-45
4154,2024-01-09,UA,mobile,crypto,Hibernating,False,46+
4155,2024-06-09,SK,desktop,crypto,Hibernating,False,36-45
4156,2024-05-13,HU,desktop,card,Hibernating,False,26-35
4157,2024-04-07,RO,mobile,card,Hibernating,False,18-25
4158,2023-11-18,MT,mobile,card,Hibernating,False,26-35
4159,2024-05-19,SK,desktop,bank_transfer,Hibernating,False,18-25
4160,2024-06-04,PL,desktop,card,Hibernating,False,26-35
4161,2023-11-24,DE,desktop,crypto,Hibernating,False,36-45
4162,2023-11-27,PL,desktop,bank_transfer,Hibernating,False,36-45
4163,2023-05-19,DE,mobile,crypto,Hibernating,False,46+
4164,2023-04-03,BG,mobile,card,Hibernating,False,26-35
4165,2023-04-04,HU,mobile,bank_transfer,Hibernating,False,18-25
4166,2023-11-07,HR,mobile,card,Hibernating,False,36-45
4167,2023-07-27,HR,mobile,bank_transfer,Hibernating,False,36-45
4168,2023-07-26,HR,mobile,ewallet,Hibernating,False,26-35
4169,2023-07-19,BG,mobile,crypto,Hibernating,False,46+
4170,2024-02-17,PL,desktop,crypto,Hibernating,False,18-25
4171,2023-02-20,UA,mobile,card,Hibernating,False,26-35
4172,2024-02-23,PL,desktop,ewallet,Hibernating,False,46+
4173,2023-08-18,RO,desktop,ewallet,Hibernating,False,36-45
4174,2023-12-24,HR,mobile,bank_transfer,Hibernating,False,36-45
4175,2024-04-16,PL,mobile,card,Hibernating,False,26-35
4176,2024-09-16,EE,mobile,ewallet,Hibernating,False,18-25
4177,2023-08-01,EE,desktop,card,Hibernating,False,18-25
4178,2023-08-19,MT,desktop,bank_transfer,Hibernating,False,46+
4179,2023-07-27,RO,tablet,card,Hibernating,False,36-45
4180,2024-04-24,CY,desktop,ewallet,Hibernating,False,26-35
4181,2024-02-13,BG,mobile,ewallet,Hibernating,False,36-45
4182,2023-05-16,UA,mobile,bank_transfer,Hibernating,False,36-45
4183,2024-01-16,SK,mobile,ewallet,Hibernating,False,36-45
4184,2023-12-23,BG,desktop,bank_transfer,Hibernating,False,36-45
4185,2023-05-20,BG,desktop,card,Hibernating,False,36-45
4186,2023-04-03,MT,desktop,bank_transfer,Hibernating,False,26-35
4187,2024-03-04,PL,mobile,bank_transfer,Hibernating,False,18-25
4188,2023-03-11,LV,mobile,crypto,Hibernating,False,26-35
4189,2023-06-19,IE,mobile,bank_transfer,Hibernating,False,26-35
4190,2023-08-12,HR,desktop,bank_transfer,Hibernating,False,18-25
4191,2024-02-17,IE,mobile,ewallet,Hibernating,False,18-25
4192,2023-11-05,CZ,mobile,bank_transfer,Hibernating,False,18-25
4193,2023-09-11,EE,mobile,crypto,Hibernating,False,18-25
4194,2023-12-12,HR,desktop,ewallet,Hibernating,False,18-25
4195,2024-07-04,DE,desktop,ewallet,Hibernating,False,46+
4196,2024-02-12,LT,desktop,card,Hibernating,False,46+
4197,2024-06-20,BG,desktop,ewallet,Hibernating,False,46+
4198,2023-05-25,DE,desktop,card,Hibernating,False,36-45
4199,2023-07-13,DE,desktop,ewallet,Hibernating,False,18-25
4200,2023-05-11,SK,desktop,bank_transfer,Hibernating,False,26-35
4201,2024-03-11,SK,desktop,bank_transfer,Hibernating,False,18-25
4202,2024-09-13,SK,mobile,card,Hibernating,False,26-35
4203,2023-10-16,HU,mobile,bank_transfer,Hibernating,False,18-25
4204,2023-08-09,DE,desktop,crypto,Hibernating,False,18-25
4205,2023-04-22,PL,mobile,bank_transfer,Hibernating,False,36-45
4206,2024-02-26,DE,mobile,card,Hibernating,False,46+
4207,2024-07-10,BG,desktop,bank_transfer,Hibernating,False,18-25
4208,2023-05-25,SK,desktop,bank_transfer,Hibernating,False,18-25
4209,2024-05-15,BG,mobile,ewallet,Hibernating,False,18-25
4210,2024-08-30,SK,mobile,ewallet,Hibernating,False,36-45
4211,2023-06-23,HU,desktop,bank_transfer,Hibernating,False,26-35
4212,2023-06-25,MT,desktop,bank_transfer,Hibernating,False,26-35
4213,2024-06-28,PL,mobile,crypto,Hibernating,False,36-45
4214,2024-05-09,RO,mobile,bank_transfer,Hibernating,False,46+
4215,2024-07-14,SK,mobile,card,Hibernating,False,26-35
4216,2024-07-26,CZ,desktop,crypto,Hibernating,False,36-45
4217,2023-02-08,LV,desktop,card,Hibernating,False,26-35
4218,2023-06-26,LT,mobile,bank_transfer,Hibernating,False,26-35
4219,2023-08-22,HU,mobile,ewallet,Hibernating,False,18-25
4220,2023-05-25,EE,mobile,card,Hibernating,False,26-35
4221,2024-03-28,EE,desktop,bank_transfer,Hibernating,False,26-35
4222,2023-06-27,CZ,desktop,card,Hibernating,False,36-45
4223,2023-08-20,HU,desktop,card,Hibernating,False,26-35
4224,2023-06-08,PL,desktop,bank_transfer,Hibernating,False,36-45
4225,2023-11-22,DE,mobile,ewallet,Hibernating,False,46+
4226,2023-03-13,SK,mobile,bank_transfer,Hibernating,False,36-45
4227,2023-03-27,UA,desktop,ewallet,Hibernating,False,26-35
4228,2024-05-13,BG,desktop,bank_transfer,Hibernating,False,18-25
4229,2023-04-19,RO,desktop,card,Hibernating,False,36-45
4230,2024-06-09,CY,mobile,card,Hibernating,False,36-45
4231,2023-08-02,EE,mobile,card,Hibernating,False,26-35
4232,2024-04-13,BG,mobile,crypto,Hibernating,False,26-35
4233,2024-02-01,MT,mobile,card,Hibernating,False,26-35
4234,2024-07-11,CY,desktop,crypto,Hibernating,False,26-35
4235,2023-05-15,RO,mobile,bank_transfer,Hibernating,False,26-35
4236,2023-08-16,HU,desktop,bank_transfer,Hibernating,False,36-45
4237,2024-05-30,RO,mobile,card,Hibernating,False,46+
4238,2024-06-26,BG,mobile,bank_transfer,Hibernating,False,46+
4239,2023-02-28,CY,desktop,card,Hibernating,False,26-35
4240,2023-05-29,CY,mobile,bank_transfer,Hibernating,False,18-25
4241,2023-09-06,CY,mobile,card,Hibernating,False,36-45
4242,2023-02-11,LT,mobile,card,Hibernating,False,18-25
4243,2024-09-27,EE,mobile,card,Hibernating,False,26-35
4244,2023-10-09,DE,desktop,bank_transfer,Hibernating,False,26-35
4245,2023-10-04,SK,desktop,bank_transfer,Hibernating,False,18-25
4246,2024-06-30,RO,mobile,bank_transfer,Hibernating,False,26-35
4247,2023-07-18,EE,mobile,card,Hibernating,False,18-25
4248,2024-03-16,LV,mobile,card,Hibernating,False,18-25
4249,2023-11-27,CZ,mobile,bank_transfer,Hibernating,False,46+
4250,2023-12-14,HU,desktop,bank_transfer,Hibernating,False,26-35
4251,2023-01-30,RO,desktop,bank_transfer,Hibernating,False,18-25
4252,2024-03-22,DE,desktop,card,Hibernating,False,36-45
4253,2024-01-07,BG,mobile,ewallet,Hibernating,False,36-45
4254,2023-02-24,RO,desktop,ewallet,Hibernating,False,46+
4255,2023-12-27,SK,tablet,card,Hibernating,False,18-25
4256,2023-10-20,LV,desktop,card,Hibernating,False,46+
4257,2023-05-10,LV,mobile,card,Hibernating,False,36-45
4258,2023-02-09,LT,desktop,card,Hibernating,False,18-25
4259,2024-07-24,HU,mobile,bank_transfer,Hibernating,False,36-45
4260,2023-08-28,EE,mobile,card,Hibernating,False,36-45
4261,2024-03-07,MT,mobile,bank_transfer,Hibernating,False,26-35
4262,2023-06-15,CZ,mobile,card,Hibernating,False,36-45
4263,2023-04-09,RO,desktop,bank_transfer,Hibernating,False,26-35
4264,2023-06-09,BG,desktop,card,Hibernating,False,26-35
4265,2023-01-15,SK,desktop,bank_transfer,Hibernating,False,36-45
4266,2023-03-09,CY,mobile,card,Hibernating,False,26-35
4267,2023-05-02,MT,desktop,card,Hibernating,False,46+
4268,2023-05-08,BG,mobile,bank_transfer,Hibernating,False,18-25
4269,2024-04-27,RO,mobile,bank_transfer,Hibernating,False,46+
4270,2024-05-13,PL,desktop,card,Hibernating,False,36-45
4271,2023-03-01,IE,mobile,bank_transfer,Hibernating,False,36-45
4272,2023-10-10,EE,mobile,ewallet,Hibernating,False,36-45
4273,2023-03-10,CZ,mobile,ewallet,Hibernating,False,26-35
4274,2023-10-20,EE,mobile,card,Hibernating,False,46+
4275,2024-03-06,HR,mobile,card,Hibernating,False,18-25
4276,2023-07-01,DE,tablet,bank_transfer,Hibernating,False,36-45
4277,2024-09-17,LT,mobile,ewallet,Hibernating,False,46+
4278,2024-05-09,MT,desktop,ewallet,Hibernating,False,26-35
4279,2024-06-05,HR,mobile,ewallet,Hibernating,False,26-35
4280,2024-06-22,UA,desktop,ewallet,Hibernating,False,36-45
4281,2023-07-04,LV,desktop,crypto,Hibernating,False,36-45
4282,2023-01-17,HU,desktop,ewallet,Hibernating,False,46+
4283,2023-03-08,LV,mobile,ewallet,Hibernating,False,46+
4284,2023-08-09,CZ,mobile,card,Hibernating,False,26-35
4285,2023-05-15,HU,desktop,bank_transfer,Hibernating,False,18-25
4286,2024-05-07,MT,mobile,ewallet,Hibernating,False,26-35
4287,2024-07-04,SK,mobile,ewallet,Hibernating,False,26-35
4288,2023-03-07,CY,mobile,card,Hibernating,False,46+
4289,2024-02-18,LV,mobile,card,Hibernating,False,26-35
4290,2023-10-04,PL,desktop,ewallet,Hibernating,False,26-35
4291,2024-09-07,CY,mobile,ewallet,Hibernating,False,18-25
4292,2024-07-25,CY,mobile,ewallet,Hibernating,False,46+
4293,2024-08-30,MT,desktop,ewallet,Hibernating,False,36-45
4294,2024-04-29,MT,mobile,bank_transfer,Hibernating,False,36-45
4295,2023-07-25,BG,desktop,bank_transfer,Hibernating,False,18-25
4296,2024-01-12,LT,mobile,ewallet,Hibernating,False,18-25
4297,2024-04-16,HU,mobile,card,Hibernating,False,36-45
4298,2024-07-10,DE,mobile,ewallet,Hibernating,False,18-25
4299,2023-02-09,LT,desktop,ewallet,Hibernating,False,18-25
4300,2023-11-24,SK,mobile,bank_transfer,Hibernating,False,46+
4301,2023-10-06,CZ,desktop,bank_transfer,Hibernating,False,26-35
4302,2024-06-26,SK,desktop,ewallet,Hibernating,False,36-45
4303,2023-08-21,LT,desktop,card,Hibernating,False,26-35
4304,2024-06-07,DE,tablet,bank_transfer,Hibernating,False,18-25
4305,2024-02-27,LV,desktop,ewallet,Hibernating,False,36-45
4306,2023-11-18,BG,mobile,bank_transfer,Hibernating,False,18-25
4307,2024-07-22,MT,mobile,bank_transfer,Hibernating,False,26-35
4308,2024-07-22,BG,desktop,bank_transfer,Hibernating,False,36-45
4309,2024-05-07,PL,mobile,card,Hibernating,False,26-35
4310,2024-02-05,HU,mobile,ewallet,Hibernating,False,26-35
4311,2023-08-09,EE,mobile,ewallet,Hibernating,False,18-25
4312,2024-06-14,HU,mobile,card,Hibernating,False,36-45
4313,2024-05-31,EE,desktop,bank_transfer,Hibernating,False,46+
4314,2023-05-17,BG,desktop,bank_transfer,Hibernating,False,36-45
4315,2023-01-25,HR,desktop,card,Hibernating,False,36-45
4316,2023-05-21,HR,mobile,card,Hibernating,False,36-45
4317,2023-06-22,IE,mobile,bank_transfer,Hibernating,False,36-45
4318,2023-10-22,IE,mobile,card,Hibernating,False,46+
4319,2024-01-27,CY,mobile,bank_transfer,Hibernating,False,18-25
4320,2024-08-07,LV,desktop,card,Hibernating,False,26-35
4321,2023-07-26,BG,desktop,card,Hibernating,False,36-45
4322,2023-06-24,HR,mobile,bank_transfer,Hibernating,False,36-45
4323,2024-04-12,UA,mobile,card,Hibernating,False,36-45
4324,2023-04-29,MT,mobile,ewallet,Hibernating,False,26-35
4325,2024-01-30,RO,desktop,card,Hibernating,False,26-35
4326,2023-12-26,LV,desktop,card,Hibernating,False,26-35
4327,2024-02-02,IE,mobile,card,Hibernating,False,26-35
4328,2024-08-27,MT,mobile,crypto,Hibernating,False,46+
4329,2023-08-03,HR,tablet,card,Hibernating,False,46+
4330,2023-07-19,EE,desktop,card,Hibernating,False,26-35
4331,2024-05-23,LT,mobile,card,Hibernating,False,36-45
4332,2024-05-25,IE,mobile,card,Hibernating,False,26-35
4333,2023-03-10,PL,mobile,bank_transfer,Hibernating,False,18-25
4334,2024-04-19,PL,mobile,bank_transfer,Hibernating,False,18-25
4335,2023-08-01,MT,mobile,bank_transfer,Hibernating,False,26-35
4336,2024-03-03,CZ,desktop,card,Hibernating,False,46+
4337,2024-08-26,LT,mobile,bank_transfer,Hibernating,False,26-35
4338,2023-06-21,LT,mobile,ewallet,Hibernating,False,36-45
4339,2024-08-15,RO,tablet,bank_transfer,Hibernating,False,18-25
4340,2024-01-20,DE,desktop,card,Hibernating,False,18-25
4341,2023-06-04,LT,mobile,card,Hibernating,False,26-35
4342,2023-02-14,EE,desktop,ewallet,Hibernating,False,46+
4343,2023-03-17,UA,mobile,bank_transfer,Hibernating,False,18-25
4344,2023-03-02,EE,mobile,bank_transfer,Hibernating,False,36-45
4345,2023-06-19,LT,desktop,bank_transfer,Hibernating,False,46+
4346,2023-05-20,LT,mobile,ewallet,Hibernating,False,36-45
4347,2023-05-30,LT,desktop,bank_transfer,Hibernating,False,26-35
4348,2023-06-03,BG,mobile,card,Hibernating,False,36-45
4349,2023-12-14,MT,mobile,card,Hibernating,False,36-45
4350,2023-01-01,RO,desktop,bank_transfer,Hibernating,False,26-35
4351,2023-07-30,MT,mobile,ewallet,Hibernating,False,18-25
4352,2023-07-21,BG,desktop,bank_transfer,Hibernating,False,46+
4353,2023-05-25,PL,mobile,card,Hibernating,False,46+
4354,2023-06-16,UA,desktop,bank_transfer,Hibernating,False,36-45
4355,2023-02-27,PL,desktop,ewallet,Hibernating,False,18-25
4356,2023-07-01,SK,tablet,ewallet,Hibernating,False,46+
4357,2023-02-09,CZ,mobile,bank_transfer,Hibernating,False,18-25
4358,2024-06-01,HR,desktop,card,Hibernating,False,46+
4359,2024-07-09,LV,mobile,card,Hibernating,False,36-45
4360,2023-06-03,HR,mobile,card,Hibernating,False,18-25
4361,2023-06-28,HR,tablet,bank_transfer,Hibernating,False,26-35
4362,2023-07-15,EE,mobile,card,Hibernating,False,26-35
4363,2023-08-13,LV,mobile,card,Hibernating,False,26-35
4364,2023-03-12,EE,desktop,card,Hibernating,False,36-45
4365,2024-09-18,CZ,desktop,card,Hibernating,False,36-45
4366,2024-02-02,HU,desktop,crypto,Hibernating,False,36-45
4367,2024-05-29,RO,tablet,ewallet,Hibernating,False,18-25
4368,2023-03-21,BG,mobile,crypto,Hibernating,False,18-25
4369,2024-08-26,HU,mobile,ewallet,Hibernating,False,18-25
4370,2024-05-12,MT,desktop,bank_transfer,Hibernating,False,46+
4371,2024-03-11,LT,mobile,card,Hibernating,False,18-25
4372,2023-05-01,EE,tablet,card,Hibernating,False,18-25
4373,2024-01-13,LV,mobile,card,Hibernating,False,36-45
4374,2024-06-02,HR,mobile,ewallet,Hibernating,False,36-45
4375,2023-03-08,DE,desktop,ewallet,Hibernating,False,26-35
4376,2023-07-04,RO,desktop,card,Hibernating,False,26-35
4377,2023-10-27,UA,mobile,bank_transfer,Hibernating,False,18-25
4378,2024-04-14,HU,desktop,bank_transfer,Hibernating,False,26-35
4379,2023-07-19,PL,desktop,card,Hibernating,False,26-35
4380,2023-02-18,SK,mobile,bank_transfer,Hibernating,False,26-35
4381,2023-10-04,BG,desktop,card,Hibernating,False,26-35
4382,2024-06-23,IE,mobile,card,Hibernating,False,36-45
4383,2023-12-27,PL,desktop,bank_transfer,Hibernating,False,18-25
4384,2023-05-12,PL,tablet,bank_transfer,Hibernating,False,18-25
4385,2024-09-24,CY,tablet,card,Hibernating,False,26-35
4386,2023-11-28,LV,mobile,card,Hibernating,False,18-25
4387,2024-04-03,DE,desktop,ewallet,Hibernating,False,18-25
4388,2024-01-06,RO,mobile,card,Hibernating,False,26-35
4389,2024-09-22,SK,mobile,ewallet,Hibernating,False,26-35
4390,2024-03-04,RO,desktop,ewallet,Hibernating,False,36-45
4391,2023-06-09,HU,desktop,bank_transfer,Hibernating,False,26-35
4392,2024-07-28,MT,mobile,ewallet,Hibernating,False,18-25
4393,2024-06-12,CZ,mobile,ewallet,Hibernating,False,26-35
4394,2024-08-25,HR,tablet,card,Hibernating,False,26-35
4395,2023-12-09,HU,mobile,card,Hibernating,False,46+
4396,2024-07-09,RO,desktop,card,Hibernating,False,26-35
4397,2023-01-03,HU,mobile,bank_transfer,Hibernating,False,18-25
4398,2023-05-23,PL,mobile,card,Hibernating,False,46+
4399,2024-06-22,HU,mobile,crypto,Hibernating,False,36-45
4400,2023-12-21,LV,mobile,crypto,Hibernating,False,26-35
4401,2024-01-14,LV,mobile,card,Hibernating,False,36-45
4402,2023-07-07,HU,desktop,ewallet,Hibernating,False,26-35
4403,2024-04-01,RO,mobile,card,Hibernating,False,46+
4404,2023-04-19,PL,desktop,ewallet,Hibernating,False,36-45
4405,2023-11-10,SK,mobile,card,Hibernating,False,36-45
4406,2023-06-05,UA,mobile,card,Hibernating,False,36-45
4407,2023-10-17,MT,mobile,card,Hibernating,False,26-35
4408,2023-05-09,LV,mobile,ewallet,Hibernating,False,36-45
4409,2023-01-28,PL,desktop,ewallet,Hibernating,False,36-45
4410,2023-01-24,UA,desktop,ewallet,Hibernating,False,18-25
4411,2023-03-07,CY,mobile,bank_transfer,Hibernating,False,46+
4412,2023-09-02,RO,desktop,card,Hibernating,False,46+
4413,2023-03-22,LT,mobile,crypto,Hibernating,False,26-35
4414,2024-03-24,PL,mobile,bank_transfer,Hibernating,False,46+
4415,2023-08-27,LT,mobile,bank_transfer,Hibernating,False,46+
4416,2023-06-20,MT,mobile,card,Hibernating,False,46+
4417,2024-03-19,DE,mobile,card,Hibernating,False,26-35
4418,2024-05-12,IE,desktop,bank_transfer,Hibernating,False,36-45
4419,2023-05-24,LV,desktop,card,Hibernating,False,46+
4420,2023-02-04,CZ,mobile,card,Hibernating,False,18-25
4421,2024-02-12,HR,mobile,bank_transfer,Hibernating,False,46+
4422,2023-05-23,DE,mobile,bank_transfer,Hibernating,False,26-35
4423,2024-08-25,HR,mobile,card,Hibernating,False,18-25
4424,2024-05-27,DE,mobile,bank_transfer,Hibernating,False,18-25
4425,2023-02-03,RO,desktop,card,Hibernating,False,36-45
4426,2023-03-06,HR,mobile,ewallet,Hibernating,False,36-45
4427,2024-04-20,BG,desktop,card,Hibernating,False,26-35
4428,2023-02-08,HU,desktop,ewallet,Hibernating,False,26-35
4429,2023-11-05,CZ,mobile,bank_transfer,Hibernating,False,46+
4430,2023-08-14,MT,mobile,crypto,Hibernating,False,18-25
4431,2024-08-29,BG,desktop,bank_transfer,Hibernating,False,18-25
4432,2024-05-24,LT,mobile,card,Hibernating,False,36-45
4433,2024-07-16,DE,mobile,card,Hibernating,False,26-35
4434,2024-09-30,DE,desktop,bank_transfer,Hibernating,False,26-35
4435,2023-12-26,LT,mobile,bank_transfer,Hibernating,False,26-35
4436,2024-04-25,LT,mobile,bank_transfer,Hibernating,False,36-45
4437,2023-07-19,BG,desktop,bank_transfer,Hibernating,False,26-35
4438,2023-10-09,BG,tablet,crypto,Hibernating,False,18-25
4439,2024-07-31,UA,desktop,card,Hibernating,False,26-35
4440,2024-08-28,LV,mobile,bank_transfer,Hibernating,False,46+
4441,2023-12-31,EE,mobile,card,Hibernating,False,26-35
4442,2023-08-24,IE,desktop,card,Hibernating,False,26-35
4443,2024-09-11,CZ,desktop,ewallet,Hibernating,False,36-45
4444,2023-08-15,HU,mobile,bank_transfer,Hibernating,False,36-45
4445,2024-09-24,EE,desktop,ewallet,Hibernating,False,26-35
4446,2024-03-11,BG,mobile,crypto,Hibernating,False,18-25
4447,2023-08-22,BG,desktop,crypto,Hibernating,False,26-35
4448,2024-07-31,UA,desktop,ewallet,Hibernating,False,26-35
4449,2024-04-03,LV,mobile,card,Hibernating,False,46+
4450,2023-08-21,CZ,mobile,ewallet,Hibernating,False,26-35
4451,2023-10-08,CZ,tablet,card,Hibernating,False,26-35
4452,2023-07-17,SK,mobile,card,Hibernating,False,18-25
4453,2023-10-20,MT,mobile,ewallet,Hibernating,False,36-45
4454,2024-03-20,LV,mobile,card,Hibernating,False,18-25
4455,2024-03-03,MT,mobile,card,Hibernating,False,26-35
4456,2024-05-25,MT,mobile,bank_transfer,Hibernating,False,18-25
4457,2024-05-18,PL,mobile,bank_transfer,Hibernating,False,36-45
4458,2023-01-23,EE,mobile,card,Hibernating,False,36-45
4459,2024-10-01,PL,desktop,card,Hibernating,False,26-35
4460,2023-01-18,MT,mobile,card,Hibernating,False,26-35
4461,2023-12-20,CY,mobile,bank_transfer,Hibernating,False,18-25
4462,2023-04-06,HR,desktop,ewallet,Hibernating,False,46+
4463,2024-05-20,DE,mobile,card,Hibernating,False,46+
4464,2023-05-11,RO,mobile,card,Hibernating,False,36-45
4465,2023-06-19,RO,mobile,bank_transfer,Hibernating,False,36-45
4466,2023-01-25,CZ,desktop,card,Hibernating,False,36-45
4467,2024-01-01,HU,mobile,ewallet,Hibernating,False,36-45
4468,2023-12-02,PL,desktop,ewallet,Hibernating,False,26-35
4469,2023-01-19,SK,mobile,card,Hibernating,False,26-35
4470,2023-10-03,LT,mobile,card,Hibernating,False,36-45
4471,2023-03-31,CY,mobile,ewallet,Hibernating,False,36-45
4472,2023-04-03,HU,mobile,bank_transfer,Hibernating,False,36-45
4473,2024-02-02,HR,mobile,card,Hibernating,False,36-45
4474,2024-07-01,LT,mobile,ewallet,Hibernating,False,36-45
4475,2023-12-06,RO,tablet,bank_transfer,Hibernating,False,46+
4476,2024-05-09,EE,desktop,card,Hibernating,False,36-45
4477,2023-06-27,BG,tablet,card,Hibernating,False,26-35
4478,2024-03-19,EE,desktop,card,Hibernating,False,36-45
4479,2023-06-28,BG,mobile,card,Hibernating,False,36-45
4480,2023-12-09,EE,mobile,ewallet,Hibernating,False,36-45
4481,2023-08-25,PL,mobile,card,Hibernating,False,36-45
4482,2024-02-20,RO,mobile,card,Hibernating,False,46+
4483,2024-06-11,RO,mobile,crypto,Hibernating,False,18-25
4484,2023-07-13,CY,mobile,card,Hibernating,False,36-45
4485,2024-03-15,HU,desktop,crypto,Hibernating,False,18-25
4486,2024-07-19,EE,desktop,card,Hibernating,False,46+
4487,2023-07-25,DE,mobile,ewallet,Hibernating,False,36-45
4488,2024-08-21,CY,mobile,bank_transfer,Hibernating,False,46+
4489,2024-01-01,LT,mobile,crypto,Hibernating,False,26-35
4490,2023-07-17,LV,mobile,ewallet,Hibernating,False,36-45
4491,2024-03-30,MT,mobile,ewallet,Hibernating,False,26-35
4492,2023-07-13,SK,desktop,ewallet,Hibernating,False,18-25
4493,2023-03-26,IE,desktop,crypto,Hibernating,False,26-35
4494,2024-07-04,EE,mobile,bank_transfer,Hibernating,False,46+
4495,2023-04-17,EE,mobile,bank_transfer,Hibernating,False,18-25
4496,2024-09-27,PL,desktop,ewallet,Hibernating,False,36-45
4497,2024-05-11,LT,tablet,card,Hibernating,False,26-35
4498,2023-08-10,DE,desktop,bank_transfer,Hibernating,False,36-45
4499,2024-07-26,RO,mobile,card,Hibernating,False,26-35
4500,2024-01-26,PL,desktop,bank_transfer,Hibernating,False,26-35
4501,2023-09-10,CZ,desktop,bank_transfer,Hibernating,False,26-35
4502,2023-02-02,SK,mobile,card,Hibernating,False,26-35
4503,2023-11-22,PL,desktop,card,Hibernating,False,26-35
4504,2023-02-10,DE,tablet,card,Hibernating,False,26-35
4505,2023-12-20,RO,mobile,card,Hibernating,False,46+
4506,2023-09-05,LV,mobile,ewallet,Hibernating,False,46+
4507,2023-11-20,DE,desktop,card,Hibernating,False,26-35
4508,2023-01-02,HR,desktop,card,Hibernating,False,46+
4509,2023-03-14,BG,mobile,card,Hibernating,False,26-35
4510,2024-01-07,BG,mobile,card,Hibernating,False,26-35
4511,2024-04-04,EE,tablet,card,Hibernating,False,26-35
4512,2023-01-09,DE,desktop,ewallet,Hibernating,False,46+
4513,2024-04-08,EE,mobile,card,Hibernating,False,36-45
4514,2024-08-25,BG,mobile,ewallet,Hibernating,False,18-25
4515,2023-05-21,BG,desktop,bank_transfer,Hibernating,False,26-35
4516,2024-08-08,DE,tablet,ewallet,Hibernating,False,36-45
4517,2024-03-03,HU,mobile,card,Hibernating,False,18-25
4518,2024-06-12,LT,desktop,bank_transfer,Hibernating,False,26-35
4519,2024-07-18,HR,mobile,ewallet,Hibernating,False,26-35
4520,2024-09-14,LV,mobile,card,Hibernating,False,36-45
4521,2023-03-30,IE,mobile,bank_transfer,Hibernating,False,36-45
4522,2024-05-08,LT,mobile,bank_transfer,Hibernating,False,26-35
4523,2024-09-03,IE,desktop,card,Hibernating,False,36-45
4524,2024-07-15,DE,mobile,crypto,Hibernating,False,36-45
4525,2023-01-28,HR,desktop,card,Hibernating,False,46+
4526,2023-01-18,DE,tablet,bank_transfer,Hibernating,False,26-35
4527,2024-05-10,HU,mobile,card,Hibernating,False,46+
4528,2024-01-21,SK,mobile,card,Hibernating,False,18-25
4529,2023-01-16,DE,tablet,card,Hibernating,False,26-35
4530,2024-09-27,DE,desktop,card,Hibernating,False,46+
4531,2023-06-29,RO,desktop,card,Hibernating,False,36-45
4532,2024-07-30,CY,tablet,card,Hibernating,False,46+
4533,2023-03-19,HU,tablet,bank_transfer,Hibernating,False,18-25
4534,2023-09-19,EE,mobile,card,Hibernating,False,26-35
4535,2023-03-11,UA,mobile,crypto,Hibernating,False,18-25
4536,2024-08-08,CY,desktop,crypto,Hibernating,False,36-45
4537,2023-08-15,RO,tablet,bank_transfer,Hibernating,False,36-45
4538,2024-07-29,UA,mobile,card,Hibernating,False,26-35
4539,2023-08-19,HU,desktop,bank_transfer,Hibernating,False,46+
4540,2024-06-11,DE,mobile,crypto,Hibernating,False,18-25
4541,2024-10-01,CZ,desktop,card,Hibernating,False,36-45
4542,2023-08-11,CY,desktop,ewallet,Hibernating,False,18-25
4543,2023-11-13,BG,mobile,bank_transfer,Hibernating,False,18-25
4544,2023-04-27,HR,mobile,ewallet,Hibernating,False,46+
4545,2024-03-13,HR,mobile,bank_transfer,Hibernating,False,18-25
4546,2024-06-10,LT,mobile,card,Hibernating,False,46+
4547,2024-03-10,HU,mobile,bank_transfer,Hibernating,False,46+
4548,2024-02-10,BG,mobile,ewallet,Hibernating,False,18-25
4549,2024-07-12,LT,desktop,card,Hibernating,False,36-45
4550,2023-04-08,HU,mobile,bank_transfer,Hibernating,False,36-45
4551,2023-08-05,BG,desktop,bank_transfer,Hibernating,False,26-35
4552,2024-07-06,LV,mobile,bank_transfer,Hibernating,False,26-35
4553,2023-10-31,CY,tablet,card,Hibernating,False,18-25
4554,2023-02-19,HU,desktop,bank_transfer,Hibernating,False,36-45
4555,2023-06-24,HU,mobile,bank_transfer,Hibernating,False,26-35
4556,2023-04-08,DE,desktop,card,Hibernating,False,18-25
4557,2024-03-21,PL,mobile,card,Hibernating,False,36-45
4558,2023-01-08,EE,desktop,card,Hibernating,False,26-35
4559,2024-01-27,UA,mobile,ewallet,Hibernating,False,36-45
4560,2023-05-25,MT,desktop,card,Hibernating,False,18-25
4561,2023-03-21,MT,desktop,bank_transfer,Hibernating,False,46+
4562,2024-04-26,CZ,mobile,ewallet,Hibernating,False,26-35
4563,2024-06-05,SK,mobile,bank_transfer,Hibernating,False,26-35
4564,2023-05-31,UA,desktop,ewallet,Hibernating,False,26-35
4565,2023-11-13,SK,desktop,bank_transfer,Hibernating,False,46+
4566,2023-12-10,CZ,mobile,crypto,Hibernating,False,18-25
4567,2024-09-26,HR,desktop,card,Hibernating,False,26-35
4568,2023-05-14,SK,mobile,ewallet,Hibernating,False,26-35
4569,2024-08-23,DE,mobile,card,Hibernating,False,46+
4570,2023-02-11,MT,mobile,bank_transfer,Hibernating,False,26-35
4571,2024-08-19,HU,tablet,card,Hibernating,False,36-45
4572,2024-01-05,EE,mobile,bank_transfer,Hibernating,False,26-35
4573,2024-04-27,LV,mobile,card,Hibernating,False,46+
4574,2023-05-26,MT,desktop,card,Hibernating,False,26-35
4575,2024-06-06,MT,mobile,card,Hibernating,False,36-45
4576,2024-04-02,HU,mobile,bank_transfer,Hibernating,False,18-25
4577,2024-03-31,HR,desktop,ewallet,Hibernating,False,46+
4578,2023-01-02,HR,mobile,ewallet,Hibernating,False,46+
4579,2023-06-08,PL,tablet,crypto,Hibernating,False,36-45
4580,2024-02-17,EE,tablet,bank_transfer,Hibernating,False,26-35
4581,2023-04-03,PL,desktop,card,Hibernating,False,26-35
4582,2024-08-10,SK,mobile,ewallet,Hibernating,False,26-35
4583,2023-07-09,MT,mobile,card,Hibernating,False,46+
4584,2023-07-14,HR,mobile,card,Hibernating,False,26-35
4585,2023-05-14,CY,desktop,bank_transfer,Hibernating,False,26-35
4586,2024-05-25,RO,desktop,ewallet,Hibernating,False,36-45
4587,2023-07-31,HR,tablet,ewallet,Hibernating,False,26-35
4588,2023-10-13,CY,tablet,ewallet,Hibernating,False,36-45
4589,2023-11-27,MT,mobile,bank_transfer,Hibernating,False,18-25
4590,2024-05-05,UA,desktop,card,Hibernating,False,26-35
4591,2023-01-22,MT,mobile,ewallet,Hibernating,False,26-35
4592,2024-08-29,LV,mobile,card,Hibernating,False,26-35
4593,2023-05-20,HU,mobile,bank_transfer,Hibernating,False,26-35
4594,2023-10-18,HR,mobile,card,Hibernating,False,18-25
4595,2024-02-29,CZ,mobile,ewallet,Hibernating,False,36-45
4596,2023-02-10,BG,desktop,ewallet,Hibernating,False,26-35
4597,2023-08-02,PL,mobile,bank_transfer,Hibernating,False,26-35
4598,2023-07-20,LV,mobile,crypto,Hibernating,False,18-25
4599,2024-08-03,CY,tablet,card,Hibernating,False,26-35
4600,2023-01-21,LT,mobile,card,Hibernating,False,46+
4601,2024-07-25,MT,mobile,card,Hibernating,False,26-35
4602,2024-03-20,CZ,desktop,card,Hibernating,False,18-25
4603,2023-03-22,SK,desktop,crypto,Hibernating,False,36-45
4604,2024-03-21,CY,mobile,ewallet,Hibernating,False,46+
4605,2023-07-20,UA,mobile,card,Hibernating,False,46+
4606,2023-01-15,HU,desktop,ewallet,Hibernating,False,26-35
4607,2024-03-04,SK,mobile,card,Hibernating,False,36-45
4608,2024-09-01,RO,desktop,ewallet,Hibernating,False,26-35
4609,2024-04-05,CY,mobile,card,Hibernating,False,46+
4610,2023-09-08,CY,mobile,card,Hibernating,False,26-35
4611,2024-08-16,PL,desktop,card,Hibernating,False,18-25
4612,2024-03-30,HU,tablet,bank_transfer,Hibernating,False,26-35
4613,2024-09-04,CY,tablet,ewallet,Hibernating,False,18-25
4614,2023-05-08,PL,mobile,card,Hibernating,False,26-35
4615,2024-02-10,MT,mobile,card,Hibernating,False,26-35
4616,2023-03-13,MT,mobile,bank_transfer,Hibernating,False,36-45
4617,2024-02-16,CZ,desktop,crypto,Hibernating,False,46+
4618,2023-06-12,CZ,mobile,card,Hibernating,False,36-45
4619,2024-07-27,MT,mobile,card,Hibernating,False,36-45
4620,2023-04-01,LV,desktop,card,Hibernating,False,46+
4621,2024-09-11,EE,mobile,card,Hibernating,False,18-25
4622,2024-05-21,LV,desktop,ewallet,Hibernating,False,36-45
4623,2023-03-23,RO,mobile,crypto,Hibernating,False,46+
4624,2024-03-12,CY,desktop,bank_transfer,Hibernating,False,18-25
4625,2024-08-27,LV,mobile,bank_transfer,Hibernating,False,36-45
4626,2023-01-19,EE,tablet,card,Hibernating,False,26-35
4627,2024-01-21,LT,tablet,ewallet,Hibernating,False,26-35
4628,2023-02-04,BG,desktop,bank_transfer,Hibernating,False,26-35
4629,2024-09-14,DE,mobile,card,Hibernating,False,26-35
4630,2023-04-29,EE,mobile,ewallet,Hibernating,False,26-35
4631,2023-07-11,DE,tablet,card,Hibernating,False,36-45
4632,2023-12-07,MT,mobile,ewallet,Hibernating,False,26-35
4633,2023-11-26,CZ,mobile,ewallet,Hibernating,False,36-45
4634,2023-05-14,CY,desktop,card,Hibernating,False,36-45
4635,2024-01-02,CZ,mobile,bank_transfer,Hibernating,False,26-35
4636,2024-01-01,MT,desktop,card,Hibernating,False,26-35
4637,2023-04-14,UA,desktop,card,Hibernating,False,46+
4638,2024-09-22,EE,mobile,ewallet,Hibernating,False,18-25
4639,2024-01-11,RO,tablet,card,Hibernating,False,36-45
4640,2023-09-30,HR,mobile,card,Hibernating,False,46+
4641,2023-03-02,SK,desktop,ewallet,Hibernating,False,18-25
4642,2023-12-18,EE,mobile,card,Hibernating,False,26-35
4643,2024-09-07,HR,mobile,ewallet,Hibernating,False,18-25
4644,2023-02-15,DE,desktop,bank_transfer,Hibernating,False,18-25
4645,2023-01-23,RO,mobile,bank_transfer,Hibernating,False,18-25
4646,2023-04-24,LV,desktop,ewallet,Hibernating,False,18-25
4647,2024-02-20,SK,tablet,card,Hibernating,False,46+
4648,2024-07-22,SK,mobile,bank_transfer,Hibernating,False,18-25
4649,2024-09-16,EE,desktop,crypto,Hibernating,False,46+
4650,2024-06-07,SK,mobile,bank_transfer,Hibernating,False,26-35
4651,2023-09-07,CY,mobile,crypto,Hibernating,False,36-45
4652,2023-03-22,HR,mobile,crypto,Hibernating,False,36-45
4653,2023-08-25,IE,mobile,ewallet,Hibernating,False,36-45
4654,2023-07-17,LT,mobile,bank_transfer,Hibernating,False,18-25
4655,2023-08-20,CY,mobile,card,Hibernating,False,26-35
4656,2023-11-17,PL,desktop,card,Hibernating,False,26-35
4657,2024-05-29,DE,tablet,card,Hibernating,False,26-35
4658,2023-04-12,MT,mobile,ewallet,Hibernating,False,26-35
4659,2023-02-18,MT,desktop,ewallet,Hibernating,False,26-35
4660,2023-09-22,BG,mobile,crypto,Hibernating,False,46+
4661,2024-06-25,IE,desktop,ewallet,Hibernating,False,46+
4662,2024-03-27,UA,mobile,crypto,Hibernating,False,36-45
4663,2024-02-05,SK,mobile,card,Hibernating,False,36-45
4664,2024-01-15,CY,desktop,card,Hibernating,False,36-45
4665,2023-05-07,LT,mobile,bank_transfer,Hibernating,False,36-45
4666,2023-04-01,DE,mobile,card,Hibernating,False,26-35
4667,2024-05-27,LV,tablet,ewallet,Hibernating,False,36-45
4668,2024-01-24,CY,mobile,card,Hibernating,False,46+
4669,2023-03-27,DE,mobile,bank_transfer,Hibernating,False,36-45
4670,2023-11-17,CZ,mobile,card,Hibernating,False,36-45
4671,2023-08-26,DE,mobile,ewallet,Hibernating,False,46+
4672,2023-01-26,LV,mobile,card,Hibernating,False,26-35
4673,2024-02-27,RO,desktop,ewallet,Hibernating,False,26-35
4674,2023-06-26,CY,desktop,card,Hibernating,False,26-35
4675,2024-09-11,CZ,mobile,card,Hibernating,False,46+
4676,2024-08-13,MT,mobile,card,Hibernating,False,18-25
4677,2024-09-29,CY,mobile,card,Hibernating,False,26-35
4678,2023-09-26,LT,mobile,bank_transfer,Hibernating,False,46+
4679,2024-09-14,BG,desktop,ewallet,Hibernating,False,18-25
4680,2024-02-20,HU,mobile,card,Hibernating,False,26-35
4681,2023-07-13,DE,mobile,ewallet,Hibernating,False,18-25
4682,2024-10-01,EE,mobile,card,Hibernating,False,18-25
4683,2024-01-29,LT,desktop,bank_transfer,Hibernating,False,36-45
4684,2023-08-27,SK,desktop,bank_transfer,Hibernating,False,46+
4685,2023-01-15,LT,mobile,card,Hibernating,False,26-35
4686,2023-02-16,BG,mobile,bank_transfer,Hibernating,False,46+
4687,2024-08-29,BG,desktop,bank_transfer,Hibernating,False,26-35
4688,2023-06-27,HU,mobile,card,Hibernating,False,26-35
4689,2023-12-13,PL,mobile,card,Hibernating,False,36-45
4690,2024-05-03,LT,desktop,crypto,Hibernating,False,26-35
4691,2024-02-11,MT,mobile,bank_transfer,Hibernating,False,26-35
4692,2024-02-23,IE,mobile,crypto,Hibernating,False,36-45
4693,2024-07-06,MT,mobile,ewallet,Hibernating,False,18-25
4694,2024-01-25,PL,mobile,card,Hibernating,False,18-25
4695,2023-03-04,BG,desktop,card,Hibernating,False,36-45
4696,2023-01-14,HR,desktop,card,Hibernating,False,36-45
4697,2023-01-17,LV,desktop,bank_transfer,Hibernating,False,26-35
4698,2023-10-22,SK,mobile,crypto,Hibernating,False,26-35
4699,2023-08-31,LV,mobile,bank_transfer,Hibernating,False,26-35
4700,2024-06-13,IE,mobile,card,Hibernating,False,26-35
4701,2023-07-12,IE,desktop,card,Hibernating,False,26-35
4702,2024-05-05,RO,mobile,ewallet,Hibernating,False,36-45
4703,2024-04-20,HU,desktop,card,Hibernating,False,26-35
4704,2024-07-25,HU,desktop,card,Hibernating,False,18-25
4705,2024-01-28,RO,desktop,bank_transfer,Hibernating,False,46+
4706,2023-07-21,EE,mobile,card,Hibernating,False,26-35
4707,2024-08-21,UA,mobile,crypto,Hibernating,False,26-35
4708,2024-05-15,CY,desktop,ewallet,Hibernating,False,26-35
4709,2023-01-13,MT,mobile,ewallet,Hibernating,False,36-45
4710,2024-04-19,CY,desktop,card,Hibernating,False,46+
4711,2023-08-27,LV,desktop,crypto,Hibernating,False,26-35
4712,2024-08-29,PL,mobile,bank_transfer,Hibernating,False,18-25
4713,2023-11-17,LV,desktop,card,Hibernating,False,26-35
4714,2023-12-18,HU,desktop,ewallet,Hibernating,False,46+
4715,2023-10-30,LT,desktop,card,Hibernating,False,18-25
4716,2023-06-12,LT,desktop,card,Hibernating,False,36-45
4717,2024-09-07,LV,mobile,bank_transfer,Hibernating,False,18-25
4718,2023-06-30,RO,mobile,card,Hibernating,False,26-35
4719,2024-05-03,CY,mobile,bank_transfer,Hibernating,False,26-35
4720,2024-05-04,PL,mobile,bank_transfer,Hibernating,False,36-45
4721,2023-12-29,MT,mobile,ewallet,Hibernating,False,18-25
4722,2024-06-29,HR,mobile,bank_transfer,Hibernating,False,18-25
4723,2024-06-19,BG,mobile,card,Hibernating,False,26-35
4724,2023-02-27,CZ,mobile,ewallet,Hibernating,False,46+
4725,2023-04-02,BG,mobile,card,Hibernating,False,46+
4726,2023-07-07,CY,mobile,card,Hibernating,False,46+
4727,2023-11-17,CZ,mobile,ewallet,Hibernating,False,46+
4728,2023-11-16,HU,mobile,card,Hibernating,False,26-35
4729,2024-07-16,SK,mobile,card,Hibernating,False,36-45
4730,2023-05-21,RO,desktop,crypto,Hibernating,False,36-45
4731,2023-11-10,CY,mobile,bank_transfer,Hibernating,False,26-35
4732,2023-02-25,SK,mobile,ewallet,Hibernating,False,26-35
4733,2023-11-22,RO,mobile,crypto,Hibernating,False,36-45
4734,2023-02-12,HR,mobile,bank_transfer,Hibernating,False,46+
4735,2024-01-03,EE,desktop,ewallet,Hibernating,False,36-45
4736,2023-02-04,DE,mobile,crypto,Hibernating,False,26-35
4737,2023-07-07,EE,mobile,bank_transfer,Hibernating,False,18-25
4738,2023-02-03,CY,desktop,ewallet,Hibernating,False,18-25
4739,2023-03-11,HU,tablet,card,Hibernating,False,36-45
4740,2024-06-02,MT,tablet,ewallet,Hibernating,False,26-35
4741,2024-05-29,RO,desktop,card,Hibernating,False,26-35
4742,2024-07-20,IE,mobile,card,Hibernating,False,26-35
4743,2024-09-24,LT,desktop,ewallet,Hibernating,False,26-35
4744,2023-04-24,MT,mobile,card,Hibernating,False,18-25
4745,2024-07-10,UA,mobile,crypto,Hibernating,False,26-35
4746,2024-02-05,UA,mobile,ewallet,Hibernating,False,26-35
4747,2023-01-14,PL,mobile,bank_transfer,Hibernating,False,26-35
4748,2023-08-08,LT,desktop,bank_transfer,Hibernating,False,46+
4749,2023-07-23,MT,desktop,bank_transfer,Hibernating,False,26-35
4750,2024-02-03,CY,desktop,bank_transfer,Hibernating,False,18-25
4751,2024-01-07,HU,mobile,bank_transfer,Hibernating,False,18-25
4752,2024-03-23,UA,mobile,card,Hibernating,False,18-25
4753,2023-07-28,PL,mobile,bank_transfer,Hibernating,False,26-35
4754,2023-01-13,IE,tablet,ewallet,Hibernating,False,18-25
4755,2023-05-31,CY,mobile,card,Hibernating,False,26-35
4756,2023-09-24,DE,desktop,bank_transfer,Hibernating,False,26-35
4757,2024-01-26,HU,mobile,ewallet,Hibernating,False,46+
4758,2024-03-27,HU,mobile,ewallet,Hibernating,False,36-45
4759,2024-03-25,UA,mobile,ewallet,Hibernating,False,26-35
4760,2023-11-11,BG,mobile,bank_transfer,Hibernating,False,26-35
4761,2023-03-13,CZ,tablet,card,Hibernating,False,26-35
4762,2023-02-26,LV,desktop,card,Hibernating,False,36-45
4763,2023-11-30,IE,mobile,bank_transfer,Hibernating,False,46+
4764,2024-02-19,DE,desktop,card,Hibernating,False,26-35
4765,2024-09-04,IE,desktop,ewallet,Hibernating,False,26-35
4766,2023-11-27,LT,desktop,card,Hibernating,False,26-35
4767,2023-03-29,SK,mobile,bank_transfer,Hibernating,False,26-35
4768,2024-01-26,DE,desktop,crypto,Hibernating,False,26-35
4769,2023-10-22,CY,desktop,card,Hibernating,False,36-45
4770,2023-11-23,IE,desktop,card,Hibernating,False,46+
4771,2024-06-12,IE,mobile,card,Hibernating,False,36-45
4772,2023-10-01,SK,tablet,card,Hibernating,False,18-25
4773,2024-08-22,PL,desktop,card,Hibernating,False,26-35
4774,2023-03-06,LT,mobile,bank_transfer,Hibernating,False,36-45
4775,2023-12-22,RO,mobile,bank_transfer,Hibernating,False,26-35
4776,2023-12-13,SK,mobile,card,Hibernating,False,18-25
4777,2024-07-09,PL,mobile,bank_transfer,Hibernating,False,26-35
4778,2023-12-06,RO,mobile,bank_transfer,Hibernating,False,26-35
4779,2023-06-29,LT,desktop,card,Hibernating,False,46+
4780,2023-04-11,IE,mobile,ewallet,Hibernating,False,36-45
4781,2024-09-29,LT,mobile,bank_transfer,Hibernating,False,26-35
4782,2023-03-08,DE,mobile,crypto,Hibernating,False,36-45
4783,2023-07-31,UA,desktop,ewallet,Hibernating,False,36-45
4784,2024-09-10,BG,desktop,ewallet,Hibernating,False,36-45
4785,2024-04-19,LT,desktop,card,Hibernating,False,46+
4786,2023-02-18,SK,desktop,bank_transfer,Hibernating,False,18-25
4787,2023-12-29,LV,mobile,bank_transfer,Hibernating,False,36-45
4788,2023-11-27,LV,mobile,card,Hibernating,False,26-35
4789,2024-08-25,MT,desktop,ewallet,Hibernating,False,36-45
4790,2023-10-23,CZ,mobile,card,Hibernating,False,46+
4791,2023-03-09,BG,mobile,bank_transfer,Hibernating,False,26-35
4792,2024-09-26,LT,mobile,crypto,Hibernating,False,46+
4793,2023-09-09,PL,mobile,bank_transfer,Hibernating,False,46+
4794,2024-09-20,LV,desktop,card,Hibernating,False,26-35
4795,2024-05-04,PL,desktop,ewallet,Hibernating,False,18-25
4796,2023-01-25,UA,mobile,bank_transfer,Hibernating,False,26-35
4797,2023-11-13,CZ,mobile,ewallet,Hibernating,False,26-35
4798,2023-08-08,HU,desktop,bank_transfer,Hibernating,False,26-35
4799,2024-04-26,PL,desktop,bank_transfer,Hibernating,False,26-35
4800,2024-01-13,DE,mobile,card,Hibernating,False,26-35
4801,2024-09-02,EE,mobile,card,Hibernating,False,36-45
4802,2023-10-17,CZ,mobile,crypto,Hibernating,False,36-45
4803,2024-01-11,HR,desktop,card,Hibernating,False,46+
4804,2023-02-01,LT,tablet,ewallet,Hibernating,False,26-35
4805,2023-08-24,HU,desktop,ewallet,Hibernating,False,18-25
4806,2024-08-11,UA,desktop,bank_transfer,Hibernating,False,26-35
4807,2024-04-23,UA,desktop,crypto,Hibernating,False,18-25
4808,2024-09-30,LV,desktop,ewallet,Hibernating,False,18-25
4809,2023-04-17,RO,desktop,card,Hibernating,False,36-45
4810,2024-05-03,CY,mobile,ewallet,Hibernating,False,46+
4811,2023-11-22,PL,mobile,card,Hibernating,False,26-35
4812,2023-11-07,CY,desktop,card,Hibernating,False,26-35
4813,2024-05-05,BG,desktop,ewallet,Hibernating,False,18-25
4814,2023-07-11,LV,mobile,card,Hibernating,False,18-25
4815,2023-09-01,DE,desktop,bank_transfer,Hibernating,False,18-25
4816,2023-09-18,HU,desktop,ewallet,Hibernating,False,26-35
4817,2023-01-01,PL,desktop,card,Hibernating,False,36-45
4818,2023-06-06,CZ,desktop,ewallet,Hibernating,False,18-25
4819,2024-02-19,BG,desktop,bank_transfer,Hibernating,False,26-35
4820,2023-03-10,PL,desktop,card,Hibernating,False,36-45
4821,2024-03-02,LV,desktop,bank_transfer,Hibernating,False,46+
4822,2024-08-27,MT,desktop,card,Hibernating,False,36-45
4823,2023-05-28,PL,mobile,bank_transfer,Hibernating,False,18-25
4824,2023-02-08,PL,mobile,bank_transfer,Hibernating,False,26-35
4825,2023-10-31,RO,mobile,bank_transfer,Hibernating,False,46+
4826,2023-12-08,RO,mobile,ewallet,Hibernating,False,18-25
4827,2024-08-10,IE,mobile,card,Hibernating,False,18-25
4828,2023-07-30,SK,desktop,ewallet,Hibernating,False,46+
4829,2023-03-30,DE,mobile,card,Hibernating,False,18-25
4830,2024-08-21,BG,mobile,ewallet,Hibernating,False,26-35
4831,2023-07-31,MT,mobile,ewallet,Hibernating,False,26-35
4832,2023-05-08,CY,desktop,bank_transfer,Hibernating,False,26-35
4833,2023-10-30,MT,desktop,ewallet,Hibernating,False,26-35
4834,2023-10-10,CY,mobile,card,Hibernating,False,18-25
4835,2023-07-27,DE,mobile,bank_transfer,Hibernating,False,36-45
4836,2023-03-14,LT,desktop,ewallet,Hibernating,False,46+
4837,2024-01-11,LT,mobile,card,Hibernating,False,18-25
4838,2024-09-08,DE,desktop,card,Hibernating,False,26-35
4839,2023-03-16,PL,desktop,bank_transfer,Hibernating,False,36-45
4840,2023-12-06,HR,desktop,ewallet,Hibernating,False,18-25
4841,2023-10-06,EE,desktop,card,Hibernating,False,46+
4842,2024-07-03,UA,tablet,ewallet,Hibernating,False,46+
4843,2023-07-29,EE,mobile,card,Hibernating,False,46+
4844,2023-09-02,LT,desktop,crypto,Hibernating,False,36-45
4845,2023-09-26,DE,mobile,card,Hibernating,False,26-35
4846,2024-02-09,HU,desktop,card,Hibernating,False,46+
4847,2024-04-24,RO,mobile,ewallet,Hibernating,False,26-35
4848,2024-03-13,LV,desktop,card,Hibernating,False,26-35
4849,2024-01-02,CZ,mobile,ewallet,Hibernating,False,46+
4850,2023-01-09,LT,desktop,card,Hibernating,False,46+
4851,2024-02-16,LV,mobile,ewallet,Hibernating,False,46+
4852,2023-04-06,DE,tablet,ewallet,Hibernating,False,18-25
4853,2023-06-04,IE,mobile,bank_transfer,Hibernating,False,26-35
4854,2023-04-09,BG,mobile,bank_transfer,Hibernating,False,26-35
4855,2023-08-25,EE,mobile,card,Hibernating,False,36-45
4856,2024-04-07,LT,desktop,card,Hibernating,False,18-25
4857,2023-04-26,HU,desktop,card,Hibernating,False,26-35
4858,2024-08-28,CY,desktop,card,Hibernating,False,18-25
4859,2023-02-22,CZ,mobile,card,Hibernating,False,36-45
4860,2024-09-04,PL,mobile,bank_transfer,Hibernating,False,26-35
4861,2023-07-21,IE,mobile,crypto,Hibernating,False,36-45
4862,2023-02-07,PL,desktop,card,Hibernating,False,36-45
4863,2024-08-14,DE,desktop,card,Hibernating,False,36-45
4864,2023-11-07,MT,mobile,card,Hibernating,False,36-45
4865,2024-03-18,PL,mobile,crypto,Hibernating,False,26-35
4866,2023-03-21,EE,desktop,ewallet,Hibernating,False,36-45
4867,2023-10-26,LV,desktop,bank_transfer,Hibernating,False,26-35
4868,2023-01-30,BG,desktop,crypto,Hibernating,False,18-25
4869,2024-03-08,RO,desktop,bank_transfer,Hibernating,False,36-45
4870,2023-04-03,BG,mobile,card,Hibernating,False,36-45
4871,2023-09-18,RO,mobile,ewallet,Hibernating,False,26-35
4872,2024-09-28,MT,mobile,bank_transfer,Hibernating,False,26-35
4873,2024-05-09,DE,mobile,bank_transfer,Hibernating,False,18-25
4874,2024-03-19,CZ,desktop,crypto,Hibernating,False,26-35
4875,2024-03-28,SK,tablet,card,Hibernating,False,36-45
4876,2023-10-15,LT,desktop,ewallet,Hibernating,False,26-35
4877,2023-08-23,PL,mobile,card,Hibernating,False,18-25
4878,2023-07-09,CZ,tablet,card,Hibernating,False,18-25
4879,2023-09-22,HR,mobile,bank_transfer,Hibernating,False,18-25
4880,2023-06-28,EE,desktop,ewallet,Hibernating,False,18-25
4881,2023-01-01,EE,mobile,card,Hibernating,False,46+
4882,2024-05-25,LV,desktop,card,Hibernating,False,26-35
4883,2023-03-23,EE,mobile,bank_transfer,Hibernating,False,18-25
4884,2023-07-03,SK,desktop,ewallet,Hibernating,False,18-25
4885,2023-03-27,MT,desktop,card,Hibernating,False,26-35
4886,2024-07-10,LV,desktop,crypto,Hibernating,False,26-35
4887,2023-06-04,UA,desktop,crypto,Hibernating,False,18-25
4888,2024-02-21,CY,mobile,ewallet,Hibernating,False,18-25
4889,2024-07-07,CY,desktop,bank_transfer,Hibernating,False,36-45
4890,2023-10-07,LT,mobile,ewallet,Hibernating,False,26-35
4891,2023-12-01,IE,mobile,card,Hibernating,False,46+
4892,2024-06-11,SK,desktop,card,Hibernating,False,26-35
4893,2023-05-23,CZ,tablet,card,Hibernating,False,46+
4894,2024-01-12,HR,mobile,ewallet,Hibernating,False,26-35
4895,2023-12-31,EE,tablet,card,Hibernating,False,46+
4896,2023-02-24,HR,mobile,card,Hibernating,False,46+
4897,2023-06-21,CZ,mobile,bank_transfer,Hibernating,False,18-25
4898,2024-02-26,LV,desktop,card,Hibernating,False,26-35
4899,2023-03-16,BG,desktop,crypto,Hibernating,False,36-45
4900,2023-02-10,SK,mobile,card,Hibernating,False,18-25
4901,2024-06-01,LT,mobile,bank_transfer,Hibernating,False,26-35
4902,2024-07-13,UA,tablet,bank_transfer,Hibernating,False,26-35
4903,2023-01-03,MT,tablet,bank_transfer,Hibernating,False,36-45
4904,2024-08-10,IE,desktop,card,Hibernating,False,18-25
4905,2024-05-05,MT,desktop,card,Hibernating,False,26-35
4906,2024-04-04,CZ,desktop,card,Hibernating,False,36-45
4907,2023-11-16,HU,mobile,card,Hibernating,False,26-35
4908,2024-04-04,BG,mobile,bank_transfer,Hibernating,False,36-45
4909,2024-08-14,PL,mobile,ewallet,Hibernating,False,26-35
4910,2024-07-05,CZ,desktop,card,Hibernating,False,26-35
4911,2023-04-21,HU,mobile,crypto,Hibernating,False,18-25
4912,2023-12-18,LT,mobile,bank_transfer,Hibernating,False,26-35
4913,2024-09-30,EE,mobile,card,Hibernating,False,46+
4914,2023-06-19,PL,desktop,card,Hibernating,False,26-35
4915,2023-01-08,HR,desktop,card,Hibernating,False,36-45
4916,2024-08-03,IE,mobile,card,Hibernating,False,46+
4917,2023-06-13,UA,mobile,ewallet,Hibernating,False,36-45
4918,2024-07-26,RO,desktop,ewallet,Hibernating,False,26-35
4919,2024-09-10,IE,mobile,bank_transfer,Hibernating,False,26-35
4920,2024-08-29,RO,desktop,card,Hibernating,False,26-35
4921,2024-05-01,DE,mobile,card,Hibernating,False,26-35
4922,2024-05-10,BG,desktop,card,Hibernating,False,26-35
4923,2023-01-15,CY,tablet,ewallet,Hibernating,False,18-25
4924,2023-12-16,CY,desktop,ewallet,Hibernating,False,36-45
4925,2024-04-26,EE,mobile,ewallet,Hibernating,False,26-35
4926,2023-11-27,BG,mobile,card,Hibernating,False,26-35
4927,2023-05-16,RO,mobile,bank_transfer,Hibernating,False,36-45
4928,2024-01-23,HR,mobile,card,Hibernating,False,18-25
4929,2023-04-28,LT,desktop,bank_transfer,Hibernating,False,46+
4930,2023-08-18,DE,tablet,card,Hibernating,False,36-45
4931,2024-06-01,MT,mobile,card,Hibernating,False,26-35
4932,2023-10-26,HU,desktop,bank_transfer,Hibernating,False,26-35
4933,2023-06-14,MT,desktop,ewallet,Hibernating,False,26-35
4934,2023-03-17,PL,mobile,card,Hibernating,False,36-45
4935,2023-08-23,UA,mobile,bank_transfer,Hibernating,False,26-35
4936,2024-04-20,EE,desktop,card,Hibernating,False,36-45
4937,2024-01-10,PL,mobile,card,Hibernating,False,18-25
4938,2024-08-29,UA,mobile,crypto,Hibernating,False,46+
4939,2024-07-10,SK,desktop,card,Hibernating,False,26-35
4940,2023-01-04,CZ,desktop,card,Hibernating,False,26-35
4941,2024-09-23,UA,mobile,crypto,Hibernating,False,18-25
4942,2024-02-06,IE,mobile,crypto,Hibernating,False,26-35
4943,2023-07-31,UA,mobile,card,Hibernating,False,26-35
4944,2023-09-13,MT,mobile,bank_transfer,Hibernating,False,26-35
4945,2023-02-26,BG,desktop,card,Hibernating,False,46+
4946,2024-07-16,HR,desktop,crypto,Hibernating,False,36-45
4947,2024-05-27,SK,mobile,crypto,Hibernating,False,26-35
4948,2023-05-07,LT,desktop,ewallet,Hibernating,False,18-25
4949,2024-09-22,LV,tablet,card,Hibernating,False,36-45
4950,2023-09-04,HR,tablet,card,Hibernating,False,26-35
4951,2024-06-01,MT,desktop,bank_transfer,Hibernating,False,18-25
4952,2023-12-17,BG,mobile,card,Hibernating,False,26-35
4953,2023-12-15,BG,desktop,card,Hibernating,False,36-45
4954,2023-05-21,LV,desktop,bank_transfer,Hibernating,False,36-45
4955,2024-05-25,BG,desktop,card,Hibernating,False,26-35
4956,2023-04-06,PL,desktop,card,Hibernating,False,26-35
4957,2023-03-19,LT,mobile,card,Hibernating,False,18-25
4958,2024-02-24,HR,mobile,bank_transfer,Hibernating,False,26-35
4959,2023-05-26,HR,desktop,crypto,Hibernating,False,26-35
4960,2023-03-25,EE,mobile,bank_transfer,Hibernating,False,46+
4961,2023-11-20,DE,mobile,card,Hibernating,False,18-25
4962,2024-08-28,SK,desktop,card,Hibernating,False,46+
4963,2023-01-11,PL,desktop,card,Hibernating,False,26-35
4964,2023-01-14,SK,mobile,ewallet,Hibernating,False,26-35
4965,2024-05-19,PL,desktop,crypto,Hibernating,False,36-45
4966,2023-09-27,HR,desktop,bank_transfer,Hibernating,False,46+
4967,2023-05-28,IE,tablet,ewallet,Hibernating,False,18-25
4968,2023-11-08,CZ,mobile,ewallet,Hibernating,False,36-45
4969,2023-02-27,MT,tablet,bank_transfer,Hibernating,False,26-35
4970,2024-01-21,DE,desktop,card,Hibernating,False,26-35
4971,2024-01-03,HR,mobile,ewallet,Hibernating,False,36-45
4972,2024-07-31,RO,mobile,ewallet,Hibernating,False,36-45
4973,2023-01-24,BG,mobile,card,Hibernating,False,36-45
4974,2023-11-11,EE,mobile,card,Hibernating,False,46+
4975,2024-08-19,LT,desktop,crypto,Hibernating,False,18-25
4976,2024-04-11,MT,mobile,bank_transfer,Hibernating,False,26-35
4977,2023-02-05,CY,desktop,card,Hibernating,False,26-35
4978,2023-03-14,LT,desktop,bank_transfer,Hibernating,False,26-35
4979,2024-04-22,LT,desktop,crypto,Hibernating,False,26-35
4980,2023-01-16,LT,mobile,bank_transfer,Hibernating,False,26-35
4981,2023-11-12,PL,mobile,card,Hibernating,False,26-35
4982,2023-04-27,SK,mobile,ewallet,Hibernating,False,26-35
4983,2023-08-15,LV,mobile,ewallet,Hibernating,False,18-25
4984,2023-10-01,BG,mobile,bank_transfer,Hibernating,False,36-45
4985,2024-06-11,LV,mobile,card,Hibernating,False,26-35
4986,2024-05-27,CY,desktop,card,Hibernating,False,26-35
4987,2023-03-10,CZ,tablet,card,Hibernating,False,26-35
4988,2023-01-11,UA,desktop,ewallet,Hibernating,False,26-35
4989,2024-08-09,CZ,mobile,ewallet,Hibernating,False,26-35
4990,2024-02-27,PL,tablet,card,Hibernating,False,36-45
4991,2024-07-30,IE,mobile,card,Hibernating,False,36-45
4992,2023-12-16,BG,mobile,crypto,Hibernating,False,26-35
4993,2023-04-14,PL,desktop,bank_transfer,Hibernating,False,36-45
4994,2024-02-06,HU,desktop,bank_transfer,Hibernating,False,26-35
4995,2023-12-06,EE,mobile,card,Hibernating,False,18-25
4996,2024-01-24,EE,desktop,crypto,Hibernating,False,18-25
4997,2023-06-13,UA,mobile,bank_transfer,Hibernating,False,36-45
4998,2023-12-15,SK,desktop,ewallet,Hibernating,False,36-45
4999,2023-06-01,LT,mobile,card,Hibernating,False,46+
5000,2023-02-16,LV,desktop,card,Hibernating,False,26-35
